INSERT INTO Company VALUES (1, 'Xebia');
INSERT INTO Company VALUES (2, 'WeScale');
INSERT INTO Company VALUES (3, 'Thiga');

INSERT INTO Domain VALUES (1, 'Agile', 1);
INSERT INTO Domain VALUES (2, 'Craft', 1);
INSERT INTO Domain VALUES (3, 'Mobile', 1);
INSERT INTO Domain VALUES (4, 'Back', 1);
INSERT INTO Domain VALUES (5, 'Cloud', 1);
INSERT INTO Domain VALUES (6, 'Devops', 1);
INSERT INTO Domain VALUES (7, 'Data', 1);

INSERT INTO Domain VALUES (9, 'Méthodo', 3);
INSERT INTO Domain VALUES (10, 'Métier', 3);
INSERT INTO Domain VALUES (11, 'Digital', 3);

INSERT INTO Domain VALUES (12, 'Loisirs', 1);
INSERT INTO Domain VALUES (13, 'Loisirs', 2);
INSERT INTO Domain VALUES (14, 'Loisirs', 3);


INSERT INTO Role VALUES (1, 'Manager', 1);
INSERT INTO Role VALUES (2, 'Manager', 2);
INSERT INTO Role VALUES (3, 'Manager', 3);

INSERT INTO Skill (name,domain_id,company_id) VALUES ('Objets Connectés', 4, 1);
INSERT INTO Skill (name,domain_id,company_id) VALUES ('Objets Connectés', 4, 2);
INSERT INTO Skill (name,domain_id,company_id) VALUES ('Graphite', 6, 1);
INSERT INTO Skill (name,domain_id,company_id) VALUES ('Graphite', 6, 2);
INSERT INTO Skill (name,domain_id,company_id) VALUES ('QueryDSL', 4, 1);
INSERT INTO Skill (name,domain_id,company_id) VALUES ('QueryDSL', 4, 2);
INSERT INTO Skill (name,domain_id,company_id) VALUES ('Danse', null, 1);
INSERT INTO Skill (name,domain_id,company_id) VALUES ('Danse', null, 2);
INSERT INTO Skill (name,domain_id,company_id) VALUES ('Google App Engine', 5, 1);
INSERT INTO Skill (name,domain_id,company_id) VALUES ('Google App Engine', 5, 2);
INSERT INTO Skill (name,domain_id,company_id) VALUES ('CoreData', 7, 1);
INSERT INTO Skill (name,domain_id,company_id) VALUES ('CoreData', 7, 2);
INSERT INTO Skill (name,domain_id,company_id) VALUES ('In Design', null, 1);
INSERT INTO Skill (name,domain_id,company_id) VALUES ('In Design', null, 2);
INSERT INTO Skill (name,domain_id,company_id) VALUES ('MongoDB', 7, 1);
INSERT INTO Skill (name,domain_id,company_id) VALUES ('MongoDB', 7, 2);
INSERT INTO Skill (name,domain_id,company_id) VALUES ('Gamification', 1, 1);
INSERT INTO Skill (name,domain_id,company_id) VALUES ('Gamification', 1, 2);
INSERT INTO Skill (name,domain_id,company_id) VALUES ('Compute Engine', 5, 1);
INSERT INTO Skill (name,domain_id,company_id) VALUES ('Compute Engine', 5, 2);
INSERT INTO Skill (name,domain_id,company_id) VALUES ('C++', 4, 1);
INSERT INTO Skill (name,domain_id,company_id) VALUES ('C++', 4, 2);
INSERT INTO Skill (name,domain_id,company_id) VALUES ('Google compute engin', 5, 1);
INSERT INTO Skill (name,domain_id,company_id) VALUES ('Google compute engin', 5, 2);
INSERT INTO Skill (name,domain_id,company_id) VALUES ('Product Owner', 1, 1);
INSERT INTO Skill (name,domain_id,company_id) VALUES ('Product Owner', 1, 2);
INSERT INTO Skill (name,domain_id,company_id) VALUES ('Debian', 4, 1);
INSERT INTO Skill (name,domain_id,company_id) VALUES ('Debian', 4, 2);
INSERT INTO Skill (name,domain_id,company_id) VALUES ('memcached', 4, 1);
INSERT INTO Skill (name,domain_id,company_id) VALUES ('memcached', 4, 2);
INSERT INTO Skill (name,domain_id,company_id) VALUES ('Streaming', null, 1);
INSERT INTO Skill (name,domain_id,company_id) VALUES ('Streaming', null, 2);
INSERT INTO Skill (name,domain_id,company_id) VALUES ('Teamcity', 6, 1);
INSERT INTO Skill (name,domain_id,company_id) VALUES ('Teamcity', 6, 2);
INSERT INTO Skill (name,domain_id,company_id) VALUES ('Value Stream Mapping', 1, 1);
INSERT INTO Skill (name,domain_id,company_id) VALUES ('Value Stream Mapping', 1, 2);
INSERT INTO Skill (name,domain_id,company_id) VALUES ('Vagrant', 6, 1);
INSERT INTO Skill (name,domain_id,company_id) VALUES ('Vagrant', 6, 2);
INSERT INTO Skill (name,domain_id,company_id) VALUES ('JAX-RS', 4, 1);
INSERT INTO Skill (name,domain_id,company_id) VALUES ('JAX-RS', 4, 2);
INSERT INTO Skill (name,domain_id,company_id) VALUES ('Photoshop', null, 1);
INSERT INTO Skill (name,domain_id,company_id) VALUES ('Photoshop', null, 2);
INSERT INTO Skill (name,domain_id,company_id) VALUES ('webgl', null, 1);
INSERT INTO Skill (name,domain_id,company_id) VALUES ('webgl', null, 2);
INSERT INTO Skill (name,domain_id,company_id) VALUES ('Instruments', 3, 1);
INSERT INTO Skill (name,domain_id,company_id) VALUES ('Instruments', 3, 2);
INSERT INTO Skill (name,domain_id,company_id) VALUES ('Spring MVC', null, 1);
INSERT INTO Skill (name,domain_id,company_id) VALUES ('Spring MVC', null, 2);
INSERT INTO Skill (name,domain_id,company_id) VALUES ('Objective-C', 3, 1);
INSERT INTO Skill (name,domain_id,company_id) VALUES ('Objective-C', 3, 2);
INSERT INTO Skill (name,domain_id,company_id) VALUES ('Cucumber', 2, 1);
INSERT INTO Skill (name,domain_id,company_id) VALUES ('Cucumber', 2, 2);
INSERT INTO Skill (name,domain_id,company_id) VALUES ('Déploiement Continu', 6, 1);
INSERT INTO Skill (name,domain_id,company_id) VALUES ('Déploiement Continu', 6, 2);
INSERT INTO Skill (name,domain_id,company_id) VALUES ('Microsoft Azure', 5, 1);
INSERT INTO Skill (name,domain_id,company_id) VALUES ('Microsoft Azure', 5, 2);
INSERT INTO Skill (name,domain_id,company_id) VALUES ('Coach Agile', 1, 1);
INSERT INTO Skill (name,domain_id,company_id) VALUES ('Coach Agile', 1, 2);
INSERT INTO Skill (name,domain_id,company_id) VALUES ('Perl', 6, 1);
INSERT INTO Skill (name,domain_id,company_id) VALUES ('Perl', 6, 2);
INSERT INTO Skill (name,domain_id,company_id) VALUES ('DAGs', 7, 1);
INSERT INTO Skill (name,domain_id,company_id) VALUES ('DAGs', 7, 2);
INSERT INTO Skill (name,domain_id,company_id) VALUES ('Openstack', 5, 1);
INSERT INTO Skill (name,domain_id,company_id) VALUES ('Openstack', 5, 2);
INSERT INTO Skill (name,domain_id,company_id) VALUES ('BackboneJS', null, 1);
INSERT INTO Skill (name,domain_id,company_id) VALUES ('BackboneJS', null, 2);
INSERT INTO Skill (name,domain_id,company_id) VALUES ('Scala', 4, 1);
INSERT INTO Skill (name,domain_id,company_id) VALUES ('Scala', 4, 2);
INSERT INTO Skill (name,domain_id,company_id) VALUES ('Java', 4, 1);
INSERT INTO Skill (name,domain_id,company_id) VALUES ('Java', 4, 2);
INSERT INTO Skill (name,domain_id,company_id) VALUES ('Guava', 4, 1);
INSERT INTO Skill (name,domain_id,company_id) VALUES ('Guava', 4, 2);
INSERT INTO Skill (name,domain_id,company_id) VALUES ('Amazon CF', 5, 1);
INSERT INTO Skill (name,domain_id,company_id) VALUES ('Amazon CF', 5, 2);
INSERT INTO Skill (name,domain_id,company_id) VALUES ('Spring', 4, 1);
INSERT INTO Skill (name,domain_id,company_id) VALUES ('Spring', 4, 2);
INSERT INTO Skill (name,domain_id,company_id) VALUES ('Hibernate', 4, 1);
INSERT INTO Skill (name,domain_id,company_id) VALUES ('Hibernate', 4, 2);
INSERT INTO Skill (name,domain_id,company_id) VALUES ('Bluetooth LE', 3, 1);
INSERT INTO Skill (name,domain_id,company_id) VALUES ('Bluetooth LE', 3, 2);
INSERT INTO Skill (name,domain_id,company_id) VALUES ('Maven', 2, 1);
INSERT INTO Skill (name,domain_id,company_id) VALUES ('Maven', 2, 2);
INSERT INTO Skill (name,domain_id,company_id) VALUES ('Grunt', null, 1);
INSERT INTO Skill (name,domain_id,company_id) VALUES ('Grunt', null, 2);
INSERT INTO Skill (name,domain_id,company_id) VALUES ('Vim', 6, 1);
INSERT INTO Skill (name,domain_id,company_id) VALUES ('Vim', 6, 2);
INSERT INTO Skill (name,domain_id,company_id) VALUES ('JSF2', null, 1);
INSERT INTO Skill (name,domain_id,company_id) VALUES ('JSF2', null, 2);
INSERT INTO Skill (name,domain_id,company_id) VALUES ('ParAccel', 6, 1);
INSERT INTO Skill (name,domain_id,company_id) VALUES ('ParAccel', 6, 2);
INSERT INTO Skill (name,domain_id,company_id) VALUES ('Akka', 4, 1);
INSERT INTO Skill (name,domain_id,company_id) VALUES ('Akka', 4, 2);
INSERT INTO Skill (name,domain_id,company_id) VALUES ('Jenkins', 6, 1);
INSERT INTO Skill (name,domain_id,company_id) VALUES ('Jenkins', 6, 2);
INSERT INTO Skill (name,domain_id,company_id) VALUES ('Eclipse', 4, 1);
INSERT INTO Skill (name,domain_id,company_id) VALUES ('Eclipse', 4, 2);
INSERT INTO Skill (name,domain_id,company_id) VALUES ('Sonar', 2, 1);
INSERT INTO Skill (name,domain_id,company_id) VALUES ('Sonar', 2, 2);
INSERT INTO Skill (name,domain_id,company_id) VALUES ('Systems Thinking', 1, 1);
INSERT INTO Skill (name,domain_id,company_id) VALUES ('Systems Thinking', 1, 2);
INSERT INTO Skill (name,domain_id,company_id) VALUES ('Tests JS', 2, 1);
INSERT INTO Skill (name,domain_id,company_id) VALUES ('Tests JS', 2, 2);
INSERT INTO Skill (name,domain_id,company_id) VALUES ('Bière', null, 1);
INSERT INTO Skill (name,domain_id,company_id) VALUES ('Bière', null, 2);
INSERT INTO Skill (name,domain_id,company_id) VALUES ('Gaming Industry', null, 1);
INSERT INTO Skill (name,domain_id,company_id) VALUES ('Gaming Industry', null, 2);
INSERT INTO Skill (name,domain_id,company_id) VALUES ('Javascript', null, 1);
INSERT INTO Skill (name,domain_id,company_id) VALUES ('Javascript', null, 2);
INSERT INTO Skill (name,domain_id,company_id) VALUES ('FirefoxOS', 3, 1);
INSERT INTO Skill (name,domain_id,company_id) VALUES ('FirefoxOS', 3, 2);
INSERT INTO Skill (name,domain_id,company_id) VALUES ('International', null, 1);
INSERT INTO Skill (name,domain_id,company_id) VALUES ('International', null, 2);
INSERT INTO Skill (name,domain_id,company_id) VALUES ('Gulp', null, 1);
INSERT INTO Skill (name,domain_id,company_id) VALUES ('Gulp', null, 2);
INSERT INTO Skill (name,domain_id,company_id) VALUES ('CSS', null, 1);
INSERT INTO Skill (name,domain_id,company_id) VALUES ('CSS', null, 2);
INSERT INTO Skill (name,domain_id,company_id) VALUES ('AngularJS', null, 1);
INSERT INTO Skill (name,domain_id,company_id) VALUES ('AngularJS', null, 2);
INSERT INTO Skill (name,domain_id,company_id) VALUES ('JPA', 4, 1);
INSERT INTO Skill (name,domain_id,company_id) VALUES ('JPA', 4, 2);
INSERT INTO Skill (name,domain_id,company_id) VALUES ('Promesses', null, 1);
INSERT INTO Skill (name,domain_id,company_id) VALUES ('Promesses', null, 2);
INSERT INTO Skill (name,domain_id,company_id) VALUES ('Asynchronisme', 4, 1);
INSERT INTO Skill (name,domain_id,company_id) VALUES ('Asynchronisme', 4, 2);
INSERT INTO Skill (name,domain_id,company_id) VALUES ('jQuery', null, 1);
INSERT INTO Skill (name,domain_id,company_id) VALUES ('jQuery', null, 2);
INSERT INTO Skill (name,domain_id,company_id) VALUES ('Scrum', 1, 1);
INSERT INTO Skill (name,domain_id,company_id) VALUES ('Scrum', 1, 2);
INSERT INTO Skill (name,domain_id,company_id) VALUES ('Swing', null, 1);
INSERT INTO Skill (name,domain_id,company_id) VALUES ('Swing', null, 2);
INSERT INTO Skill (name,domain_id,company_id) VALUES ('Zumba', null, 1);
INSERT INTO Skill (name,domain_id,company_id) VALUES ('Zumba', null, 2);
INSERT INTO Skill (name,domain_id,company_id) VALUES ('Redis', 7, 1);
INSERT INTO Skill (name,domain_id,company_id) VALUES ('Redis', 7, 2);
INSERT INTO Skill (name,domain_id,company_id) VALUES ('Jira', 1, 1);
INSERT INTO Skill (name,domain_id,company_id) VALUES ('Jira', 1, 2);
INSERT INTO Skill (name,domain_id,company_id) VALUES ('RabbitMQ', 4, 1);
INSERT INTO Skill (name,domain_id,company_id) VALUES ('RabbitMQ', 4, 2);
INSERT INTO Skill (name,domain_id,company_id) VALUES ('Lean Startup', 1, 1);
INSERT INTO Skill (name,domain_id,company_id) VALUES ('Lean Startup', 1, 2);
INSERT INTO Skill (name,domain_id,company_id) VALUES ('Dynatrace', 6, 1);
INSERT INTO Skill (name,domain_id,company_id) VALUES ('Dynatrace', 6, 2);
INSERT INTO Skill (name,domain_id,company_id) VALUES ('Go', 4, 1);
INSERT INTO Skill (name,domain_id,company_id) VALUES ('Go', 4, 2);
INSERT INTO Skill (name,domain_id,company_id) VALUES ('Tomcat', 4, 1);
INSERT INTO Skill (name,domain_id,company_id) VALUES ('Tomcat', 4, 2);
INSERT INTO Skill (name,domain_id,company_id) VALUES ('Club Med', null, 1);
INSERT INTO Skill (name,domain_id,company_id) VALUES ('Club Med', null, 2);
INSERT INTO Skill (name,domain_id,company_id) VALUES ('Jägermeister', null, 1);
INSERT INTO Skill (name,domain_id,company_id) VALUES ('Jägermeister', null, 2);
INSERT INTO Skill (name,domain_id,company_id) VALUES ('Video', null, 1);
INSERT INTO Skill (name,domain_id,company_id) VALUES ('Video', null, 2);
INSERT INTO Skill (name,domain_id,company_id) VALUES ('Voile', null, 1);
INSERT INTO Skill (name,domain_id,company_id) VALUES ('Voile', null, 2);
INSERT INTO Skill (name,domain_id,company_id) VALUES ('Gimp', null, 1);
INSERT INTO Skill (name,domain_id,company_id) VALUES ('Gimp', null, 2);
INSERT INTO Skill (name,domain_id,company_id) VALUES ('Mocha', 2, 1);
INSERT INTO Skill (name,domain_id,company_id) VALUES ('Mocha', 2, 2);
INSERT INTO Skill (name,domain_id,company_id) VALUES ('Ski', null, 1);
INSERT INTO Skill (name,domain_id,company_id) VALUES ('Ski', null, 2);
INSERT INTO Skill (name,domain_id,company_id) VALUES ('Amazon EC2', 5, 1);
INSERT INTO Skill (name,domain_id,company_id) VALUES ('Amazon EC2', 5, 2);
INSERT INTO Skill (name,domain_id,company_id) VALUES ('Cyclisme', null, 1);
INSERT INTO Skill (name,domain_id,company_id) VALUES ('Cyclisme', null, 2);
INSERT INTO Skill (name,domain_id,company_id) VALUES ('Photographie', null, 1);
INSERT INTO Skill (name,domain_id,company_id) VALUES ('Photographie', null, 2);
INSERT INTO Skill (name,domain_id,company_id) VALUES ('ElasticSearch', 7, 1);
INSERT INTO Skill (name,domain_id,company_id) VALUES ('ElasticSearch', 7, 2);
INSERT INTO Skill (name,domain_id,company_id) VALUES ('After Effect', null, 1);
INSERT INTO Skill (name,domain_id,company_id) VALUES ('After Effect', null, 2);
INSERT INTO Skill (name,domain_id,company_id) VALUES ('Gradle', 2, 1);
INSERT INTO Skill (name,domain_id,company_id) VALUES ('Gradle', 2, 2);
INSERT INTO Skill (name,domain_id,company_id) VALUES ('SBT', 6, 1);
INSERT INTO Skill (name,domain_id,company_id) VALUES ('SBT', 6, 2);
INSERT INTO Skill (name,domain_id,company_id) VALUES ('Scalacheck', 2, 1);
INSERT INTO Skill (name,domain_id,company_id) VALUES ('Scalacheck', 2, 2);
INSERT INTO Skill (name,domain_id,company_id) VALUES ('C#', 4, 1);
INSERT INTO Skill (name,domain_id,company_id) VALUES ('C#', 4, 2);
INSERT INTO Skill (name,domain_id,company_id) VALUES ('JavaFX', null, 1);
INSERT INTO Skill (name,domain_id,company_id) VALUES ('JavaFX', null, 2);
INSERT INTO Skill (name,domain_id,company_id) VALUES ('Google docs', 1, 1);
INSERT INTO Skill (name,domain_id,company_id) VALUES ('Google docs', 1, 2);
INSERT INTO Skill (name,domain_id,company_id) VALUES ('Svn', 6, 1);
INSERT INTO Skill (name,domain_id,company_id) VALUES ('Svn', 6, 2);
INSERT INTO Skill (name,domain_id,company_id) VALUES ('Burger & Fils', null, 1);
INSERT INTO Skill (name,domain_id,company_id) VALUES ('Burger & Fils', null, 2);
INSERT INTO Skill (name,domain_id,company_id) VALUES ('iOS', 3, 1);
INSERT INTO Skill (name,domain_id,company_id) VALUES ('iOS', 3, 2);
INSERT INTO Skill (name,domain_id,company_id) VALUES ('JUnit', 2, 1);
INSERT INTO Skill (name,domain_id,company_id) VALUES ('JUnit', 2, 2);
INSERT INTO Skill (name,domain_id,company_id) VALUES ('Anglais', null, 1);
INSERT INTO Skill (name,domain_id,company_id) VALUES ('Anglais', null, 2);
INSERT INTO Skill (name,domain_id,company_id) VALUES ('Riak', 7, 1);
INSERT INTO Skill (name,domain_id,company_id) VALUES ('Riak', 7, 2);
INSERT INTO Skill (name,domain_id,company_id) VALUES ('RxJava', 4, 1);
INSERT INTO Skill (name,domain_id,company_id) VALUES ('RxJava', 4, 2);
INSERT INTO Skill (name,domain_id,company_id) VALUES ('Microservices', 4, 1);
INSERT INTO Skill (name,domain_id,company_id) VALUES ('Microservices', 4, 2);
INSERT INTO Skill (name,domain_id,company_id) VALUES ('Nginx', 4, 1);
INSERT INTO Skill (name,domain_id,company_id) VALUES ('Nginx', 4, 2);
INSERT INTO Skill (name,domain_id,company_id) VALUES ('Storm', 7, 1);
INSERT INTO Skill (name,domain_id,company_id) VALUES ('Storm', 7, 2);
INSERT INTO Skill (name,domain_id,company_id) VALUES ('Bootstrap', null, 1);
INSERT INTO Skill (name,domain_id,company_id) VALUES ('Bootstrap', null, 2);
INSERT INTO Skill (name,domain_id,company_id) VALUES ('JMXTrans', 6, 1);
INSERT INTO Skill (name,domain_id,company_id) VALUES ('JMXTrans', 6, 2);
INSERT INTO Skill (name,domain_id,company_id) VALUES ('Vaadin', null, 1);
INSERT INTO Skill (name,domain_id,company_id) VALUES ('Vaadin', null, 2);
INSERT INTO Skill (name,domain_id,company_id) VALUES ('AssertJ', 2, 1);
INSERT INTO Skill (name,domain_id,company_id) VALUES ('AssertJ', 2, 2);
INSERT INTO Skill (name,domain_id,company_id) VALUES ('Mesos', 5, 1);
INSERT INTO Skill (name,domain_id,company_id) VALUES ('Mesos', 5, 2);
INSERT INTO Skill (name,domain_id,company_id) VALUES ('React', null, 1);
INSERT INTO Skill (name,domain_id,company_id) VALUES ('React', null, 2);
INSERT INTO Skill (name,domain_id,company_id) VALUES ('Sinon.JS', null, 1);
INSERT INTO Skill (name,domain_id,company_id) VALUES ('Sinon.JS', null, 2);
INSERT INTO Skill (name,domain_id,company_id) VALUES ('chai', 2, 1);
INSERT INTO Skill (name,domain_id,company_id) VALUES ('chai', 2, 2);
INSERT INTO Skill (name,domain_id,company_id) VALUES ('Marathon', 6, 1);
INSERT INTO Skill (name,domain_id,company_id) VALUES ('Marathon', 6, 2);
INSERT INTO Skill (name,domain_id,company_id) VALUES ('Guitare', null, 1);
INSERT INTO Skill (name,domain_id,company_id) VALUES ('Guitare', null, 2);
INSERT INTO Skill (name,domain_id,company_id) VALUES ('SolR', 7, 1);
INSERT INTO Skill (name,domain_id,company_id) VALUES ('SolR', 7, 2);
INSERT INTO Skill (name,domain_id,company_id) VALUES ('Atlassian Stack', 2, 1);
INSERT INTO Skill (name,domain_id,company_id) VALUES ('Atlassian Stack', 2, 2);
INSERT INTO Skill (name,domain_id,company_id) VALUES ('Cloudbees', 5, 1);
INSERT INTO Skill (name,domain_id,company_id) VALUES ('Cloudbees', 5, 2);
INSERT INTO Skill (name,domain_id,company_id) VALUES ('Jasper (PDF)', 4, 1);
INSERT INTO Skill (name,domain_id,company_id) VALUES ('Jasper (PDF)', 4, 2);
INSERT INTO Skill (name,domain_id,company_id) VALUES ('Nuxeo', null, 1);
INSERT INTO Skill (name,domain_id,company_id) VALUES ('Nuxeo', null, 2);
INSERT INTO Skill (name,domain_id,company_id) VALUES ('Google Search Appl', 4, 1);
INSERT INTO Skill (name,domain_id,company_id) VALUES ('Google Search Appl', 4, 2);
INSERT INTO Skill (name,domain_id,company_id) VALUES ('The Grinder', 4, 1);
INSERT INTO Skill (name,domain_id,company_id) VALUES ('The Grinder', 4, 2);
INSERT INTO Skill (name,domain_id,company_id) VALUES ('JMeter', 4, 1);
INSERT INTO Skill (name,domain_id,company_id) VALUES ('JMeter', 4, 2);
INSERT INTO Skill (name,domain_id,company_id) VALUES ('Nexus', 2, 1);
INSERT INTO Skill (name,domain_id,company_id) VALUES ('Nexus', 2, 2);
INSERT INTO Skill (name,domain_id,company_id) VALUES ('Bower', null, 1);
INSERT INTO Skill (name,domain_id,company_id) VALUES ('Bower', null, 2);
INSERT INTO Skill (name,domain_id,company_id) VALUES ('OpenSSL', 4, 1);
INSERT INTO Skill (name,domain_id,company_id) VALUES ('OpenSSL', 4, 2);
INSERT INTO Skill (name,domain_id,company_id) VALUES ('Spring Security', 4, 1);
INSERT INTO Skill (name,domain_id,company_id) VALUES ('Spring Security', 4, 2);
INSERT INTO Skill (name,domain_id,company_id) VALUES ('OpenLDAP', 4, 1);
INSERT INTO Skill (name,domain_id,company_id) VALUES ('OpenLDAP', 4, 2);
INSERT INTO Skill (name,domain_id,company_id) VALUES ('Zope', 4, 1);
INSERT INTO Skill (name,domain_id,company_id) VALUES ('Zope', 4, 2);
INSERT INTO Skill (name,domain_id,company_id) VALUES ('Rundeck', 6, 1);
INSERT INTO Skill (name,domain_id,company_id) VALUES ('Rundeck', 6, 2);
INSERT INTO Skill (name,domain_id,company_id) VALUES ('lean content', 1, 1);
INSERT INTO Skill (name,domain_id,company_id) VALUES ('lean content', 1, 2);
INSERT INTO Skill (name,domain_id,company_id) VALUES ('Subversion', 2, 1);
INSERT INTO Skill (name,domain_id,company_id) VALUES ('Subversion', 2, 2);
INSERT INTO Skill (name,domain_id,company_id) VALUES ('e-marketing', null, 1);
INSERT INTO Skill (name,domain_id,company_id) VALUES ('e-marketing', null, 2);
INSERT INTO Skill (name,domain_id,company_id) VALUES ('Rails', 4, 1);
INSERT INTO Skill (name,domain_id,company_id) VALUES ('Rails', 4, 2);
INSERT INTO Skill (name,domain_id,company_id) VALUES ('référencement', null, 1);
INSERT INTO Skill (name,domain_id,company_id) VALUES ('référencement', null, 2);
INSERT INTO Skill (name,domain_id,company_id) VALUES ('Xebia', null, 1);
INSERT INTO Skill (name,domain_id,company_id) VALUES ('Xebia', null, 2);
INSERT INTO Skill (name,domain_id,company_id) VALUES ('protractor', null, 1);
INSERT INTO Skill (name,domain_id,company_id) VALUES ('protractor', null, 2);
INSERT INTO Skill (name,domain_id,company_id) VALUES ('DDD', 2, 1);
INSERT INTO Skill (name,domain_id,company_id) VALUES ('DDD', 2, 2);
INSERT INTO Skill (name,domain_id,company_id) VALUES ('Management visuel', 1, 1);
INSERT INTO Skill (name,domain_id,company_id) VALUES ('Management visuel', 1, 2);
INSERT INTO Skill (name,domain_id,company_id) VALUES ('Puppet', 6, 1);
INSERT INTO Skill (name,domain_id,company_id) VALUES ('Puppet', 6, 2);
INSERT INTO Skill (name,domain_id,company_id) VALUES ('CasperJS', 1, 1);
INSERT INTO Skill (name,domain_id,company_id) VALUES ('CasperJS', 1, 2);
INSERT INTO Skill (name,domain_id,company_id) VALUES ('IntelliJ IDEA', 2, 1);
INSERT INTO Skill (name,domain_id,company_id) VALUES ('IntelliJ IDEA', 2, 2);
INSERT INTO Skill (name,domain_id,company_id) VALUES ('Spray', 4, 1);
INSERT INTO Skill (name,domain_id,company_id) VALUES ('Spray', 4, 2);
INSERT INTO Skill (name,domain_id,company_id) VALUES ('PHP', 4, 1);
INSERT INTO Skill (name,domain_id,company_id) VALUES ('PHP', 4, 2);
INSERT INTO Skill (name,domain_id,company_id) VALUES ('Performances', 2, 1);
INSERT INTO Skill (name,domain_id,company_id) VALUES ('Performances', 2, 2);
INSERT INTO Skill (name,domain_id,company_id) VALUES ('MQTT', 4, 1);
INSERT INTO Skill (name,domain_id,company_id) VALUES ('MQTT', 4, 2);
INSERT INTO Skill (name,domain_id,company_id) VALUES ('Time 2 Marketing 2014', null, 1);
INSERT INTO Skill (name,domain_id,company_id) VALUES ('Time 2 Marketing 2014', null, 2);
INSERT INTO Skill (name,domain_id,company_id) VALUES ('réseaux sociaux', null, 1);
INSERT INTO Skill (name,domain_id,company_id) VALUES ('réseaux sociaux', null, 2);
INSERT INTO Skill (name,domain_id,company_id) VALUES ('InfluxDB', 7, 1);
INSERT INTO Skill (name,domain_id,company_id) VALUES ('InfluxDB', 7, 2);
INSERT INTO Skill (name,domain_id,company_id) VALUES ('Innovation game', 1, 1);
INSERT INTO Skill (name,domain_id,company_id) VALUES ('Innovation game', 1, 2);
INSERT INTO Skill (name,domain_id,company_id) VALUES ('chromecast', 3, 1);
INSERT INTO Skill (name,domain_id,company_id) VALUES ('chromecast', 3, 2);
INSERT INTO Skill (name,domain_id,company_id) VALUES ('Spark', 7, 1);
INSERT INTO Skill (name,domain_id,company_id) VALUES ('Spark', 7, 2);
INSERT INTO Skill (name,domain_id,company_id) VALUES ('Gatling', 6, 1);
INSERT INTO Skill (name,domain_id,company_id) VALUES ('Gatling', 6, 2);
INSERT INTO Skill (name,domain_id,company_id) VALUES ('BDD', 2, 1);
INSERT INTO Skill (name,domain_id,company_id) VALUES ('BDD', 2, 2);
INSERT INTO Skill (name,domain_id,company_id) VALUES ('Typescript', null, 1);
INSERT INTO Skill (name,domain_id,company_id) VALUES ('Typescript', null, 2);
INSERT INTO Skill (name,domain_id,company_id) VALUES ('Dart', null, 1);
INSERT INTO Skill (name,domain_id,company_id) VALUES ('Dart', null, 2);
INSERT INTO Skill (name,domain_id,company_id) VALUES ('API', 4, 1);
INSERT INTO Skill (name,domain_id,company_id) VALUES ('API', 4, 2);
INSERT INTO Skill (name,domain_id,company_id) VALUES ('Drupal', null, 1);
INSERT INTO Skill (name,domain_id,company_id) VALUES ('Drupal', null, 2);
INSERT INTO Skill (name,domain_id,company_id) VALUES ('Linux', 4, 1);
INSERT INTO Skill (name,domain_id,company_id) VALUES ('Linux', 4, 2);
INSERT INTO Skill (name,domain_id,company_id) VALUES ('applicationsmobiles', 3, 1);
INSERT INTO Skill (name,domain_id,company_id) VALUES ('applicationsmobiles', 3, 2);
INSERT INTO Skill (name,domain_id,company_id) VALUES ('Roadmap', 1, 1);
INSERT INTO Skill (name,domain_id,company_id) VALUES ('Roadmap', 1, 2);
INSERT INTO Skill (name,domain_id,company_id) VALUES ('EventSourcing', 4, 1);
INSERT INTO Skill (name,domain_id,company_id) VALUES ('EventSourcing', 4, 2);
INSERT INTO Skill (name,domain_id,company_id) VALUES ('Highcharts', null, 1);
INSERT INTO Skill (name,domain_id,company_id) VALUES ('Highcharts', null, 2);
INSERT INTO Skill (name,domain_id,company_id) VALUES ('Amazon Elastic Beanstalk', 5, 1);
INSERT INTO Skill (name,domain_id,company_id) VALUES ('Amazon Elastic Beanstalk', 5, 2);
INSERT INTO Skill (name,domain_id,company_id) VALUES ('Responsive Web Design', null, 1);
INSERT INTO Skill (name,domain_id,company_id) VALUES ('Responsive Web Design', null, 2);
INSERT INTO Skill (name,domain_id,company_id) VALUES ('Gson', 4, 1);
INSERT INTO Skill (name,domain_id,company_id) VALUES ('Gson', 4, 2);
INSERT INTO Skill (name,domain_id,company_id) VALUES ('Web Oriented Arch.', 4, 1);
INSERT INTO Skill (name,domain_id,company_id) VALUES ('Web Oriented Arch.', 4, 2);
INSERT INTO Skill (name,domain_id,company_id) VALUES ('Mockito', 2, 1);
INSERT INTO Skill (name,domain_id,company_id) VALUES ('Mockito', 2, 2);
INSERT INTO Skill (name,domain_id,company_id) VALUES ('Cloud', 5, 1);
INSERT INTO Skill (name,domain_id,company_id) VALUES ('Cloud', 5, 2);
INSERT INTO Skill (name,domain_id,company_id) VALUES ('Speaker', 2, 1);
INSERT INTO Skill (name,domain_id,company_id) VALUES ('Speaker', 2, 2);
INSERT INTO Skill (name,domain_id,company_id) VALUES ('Android', 3, 1);
INSERT INTO Skill (name,domain_id,company_id) VALUES ('Android', 3, 2);
INSERT INTO Skill (name,domain_id,company_id) VALUES ('Gamestorming', 1, 1);
INSERT INTO Skill (name,domain_id,company_id) VALUES ('Gamestorming', 1, 2);
INSERT INTO Skill (name,domain_id,company_id) VALUES ('Jekyll', null, 1);
INSERT INTO Skill (name,domain_id,company_id) VALUES ('Jekyll', null, 2);
INSERT INTO Skill (name,domain_id,company_id) VALUES ('Internet of Things', 3, 1);
INSERT INTO Skill (name,domain_id,company_id) VALUES ('Internet of Things', 3, 2);
INSERT INTO Skill (name,domain_id,company_id) VALUES ('Vert.X', 4, 1);
INSERT INTO Skill (name,domain_id,company_id) VALUES ('Vert.X', 4, 2);
INSERT INTO Skill (name,domain_id,company_id) VALUES ('A3', 1, 1);
INSERT INTO Skill (name,domain_id,company_id) VALUES ('A3', 1, 2);
INSERT INTO Skill (name,domain_id,company_id) VALUES ('Jetty', 4, 1);
INSERT INTO Skill (name,domain_id,company_id) VALUES ('Jetty', 4, 2);
INSERT INTO Skill (name,domain_id,company_id) VALUES ('Activiti', 4, 1);
INSERT INTO Skill (name,domain_id,company_id) VALUES ('Activiti', 4, 2);
INSERT INTO Skill (name,domain_id,company_id) VALUES ('PDCA', 1, 1);
INSERT INTO Skill (name,domain_id,company_id) VALUES ('PDCA', 1, 2);
INSERT INTO Skill (name,domain_id,company_id) VALUES ('Browserify', null, 1);
INSERT INTO Skill (name,domain_id,company_id) VALUES ('Browserify', null, 2);
INSERT INTO Skill (name,domain_id,company_id) VALUES ('Haskell', 4, 1);
INSERT INTO Skill (name,domain_id,company_id) VALUES ('Haskell', 4, 2);
INSERT INTO Skill (name,domain_id,company_id) VALUES ('MySQL', 7, 1);
INSERT INTO Skill (name,domain_id,company_id) VALUES ('MySQL', 7, 2);
INSERT INTO Skill (name,domain_id,company_id) VALUES ('Logstash', 6, 1);
INSERT INTO Skill (name,domain_id,company_id) VALUES ('Logstash', 6, 2);
INSERT INTO Skill (name,domain_id,company_id) VALUES ('Trello', 1, 1);
INSERT INTO Skill (name,domain_id,company_id) VALUES ('Trello', 1, 2);
INSERT INTO Skill (name,domain_id,company_id) VALUES ('Lodash', null, 1);
INSERT INTO Skill (name,domain_id,company_id) VALUES ('Lodash', null, 2);
INSERT INTO Skill (name,domain_id,company_id) VALUES ('PlayFramework', 4, 1);
INSERT INTO Skill (name,domain_id,company_id) VALUES ('PlayFramework', 4, 2);
INSERT INTO Skill (name,domain_id,company_id) VALUES ('Android wear', 3, 1);
INSERT INTO Skill (name,domain_id,company_id) VALUES ('Android wear', 3, 2);
INSERT INTO Skill (name,domain_id,company_id) VALUES ('TDD', 2, 1);
INSERT INTO Skill (name,domain_id,company_id) VALUES ('TDD', 2, 2);
INSERT INTO Skill (name,domain_id,company_id) VALUES ('Escalade', null, 1);
INSERT INTO Skill (name,domain_id,company_id) VALUES ('Escalade', null, 2);
INSERT INTO Skill (name,domain_id,company_id) VALUES ('OpenGL', null, 1);
INSERT INTO Skill (name,domain_id,company_id) VALUES ('OpenGL', null, 2);
INSERT INTO Skill (name,domain_id,company_id) VALUES ('Continuous Delivery', 6, 1);
INSERT INTO Skill (name,domain_id,company_id) VALUES ('Continuous Delivery', 6, 2);
INSERT INTO Skill (name,domain_id,company_id) VALUES ('WebSocket', 4, 1);
INSERT INTO Skill (name,domain_id,company_id) VALUES ('WebSocket', 4, 2);
INSERT INTO Skill (name,domain_id,company_id) VALUES ('Spring Batch', 4, 1);
INSERT INTO Skill (name,domain_id,company_id) VALUES ('Spring Batch', 4, 2);
INSERT INTO Skill (name,domain_id,company_id) VALUES ('Heroku', 5, 1);
INSERT INTO Skill (name,domain_id,company_id) VALUES ('Heroku', 5, 2);
INSERT INTO Skill (name,domain_id,company_id) VALUES ('Raspberry Pi', 4, 1);
INSERT INTO Skill (name,domain_id,company_id) VALUES ('Raspberry Pi', 4, 2);
INSERT INTO Skill (name,domain_id,company_id) VALUES ('Kanban', 1, 1);
INSERT INTO Skill (name,domain_id,company_id) VALUES ('Kanban', 1, 2);
INSERT INTO Skill (name,domain_id,company_id) VALUES ('Guava cache', 4, 1);
INSERT INTO Skill (name,domain_id,company_id) VALUES ('Guava cache', 4, 2);
INSERT INTO Skill (name,domain_id,company_id) VALUES ('R', 7, 1);
INSERT INTO Skill (name,domain_id,company_id) VALUES ('R', 7, 2);
INSERT INTO Skill (name,domain_id,company_id) VALUES ('karma', null, 1);
INSERT INTO Skill (name,domain_id,company_id) VALUES ('karma', null, 2);
INSERT INTO Skill (name,domain_id,company_id) VALUES ('REST', 4, 1);
INSERT INTO Skill (name,domain_id,company_id) VALUES ('REST', 4, 2);
INSERT INTO Skill (name,domain_id,company_id) VALUES ('Tests', 2, 1);
INSERT INTO Skill (name,domain_id,company_id) VALUES ('Tests', 2, 2);
INSERT INTO Skill (name,domain_id,company_id) VALUES ('Facilitation Graphiq', 1, 1);
INSERT INTO Skill (name,domain_id,company_id) VALUES ('Facilitation Graphiq', 1, 2);
INSERT INTO Skill (name,domain_id,company_id) VALUES ('Jersey', 4, 1);
INSERT INTO Skill (name,domain_id,company_id) VALUES ('Jersey', 4, 2);
INSERT INTO Skill (name,domain_id,company_id) VALUES ('XL Release', 1, 1);
INSERT INTO Skill (name,domain_id,company_id) VALUES ('XL Release', 1, 2);
INSERT INTO Skill (name,domain_id,company_id) VALUES ('HTML5', null, 1);
INSERT INTO Skill (name,domain_id,company_id) VALUES ('HTML5', null, 2);
INSERT INTO Skill (name,domain_id,company_id) VALUES ('Marionette.JS', null, 1);
INSERT INTO Skill (name,domain_id,company_id) VALUES ('Marionette.JS', null, 2);
INSERT INTO Skill (name,domain_id,company_id) VALUES ('Hive', 7, 1);
INSERT INTO Skill (name,domain_id,company_id) VALUES ('Hive', 7, 2);
INSERT INTO Skill (name,domain_id,company_id) VALUES ('IoT', 3, 1);
INSERT INTO Skill (name,domain_id,company_id) VALUES ('IoT', 3, 2);
INSERT INTO Skill (name,domain_id,company_id) VALUES ('Rétrospective', 1, 1);
INSERT INTO Skill (name,domain_id,company_id) VALUES ('Rétrospective', 1, 2);
INSERT INTO Skill (name,domain_id,company_id) VALUES ('Flex', null, 1);
INSERT INTO Skill (name,domain_id,company_id) VALUES ('Flex', null, 2);
INSERT INTO Skill (name,domain_id,company_id) VALUES ('NodeJS', 4, 1);
INSERT INTO Skill (name,domain_id,company_id) VALUES ('NodeJS', 4, 2);
INSERT INTO Skill (name,domain_id,company_id) VALUES ('Poney', null, 1);
INSERT INTO Skill (name,domain_id,company_id) VALUES ('Poney', null, 2);
INSERT INTO Skill (name,domain_id,company_id) VALUES ('English', null, 1);
INSERT INTO Skill (name,domain_id,company_id) VALUES ('English', null, 2);
INSERT INTO Skill (name,domain_id,company_id) VALUES ('Football', null, 1);
INSERT INTO Skill (name,domain_id,company_id) VALUES ('Football', null, 2);
INSERT INTO Skill (name,domain_id,company_id) VALUES ('Freemium', 1, 1);
INSERT INTO Skill (name,domain_id,company_id) VALUES ('Freemium', 1, 2);
INSERT INTO Skill (name,domain_id,company_id) VALUES ('Hazelcast', 4, 1);
INSERT INTO Skill (name,domain_id,company_id) VALUES ('Hazelcast', 4, 2);
INSERT INTO Skill (name,domain_id,company_id) VALUES ('Hackathon', null, 1);
INSERT INTO Skill (name,domain_id,company_id) VALUES ('Hackathon', null, 2);
INSERT INTO Skill (name,domain_id,company_id) VALUES ('JBehave', 2, 1);
INSERT INTO Skill (name,domain_id,company_id) VALUES ('JBehave', 2, 2);
INSERT INTO Skill (name,domain_id,company_id) VALUES ('Swift', 3, 1);
INSERT INTO Skill (name,domain_id,company_id) VALUES ('Swift', 3, 2);
INSERT INTO Skill (name,domain_id,company_id) VALUES ('jcr', 4, 1);
INSERT INTO Skill (name,domain_id,company_id) VALUES ('jcr', 4, 2);
INSERT INTO Skill (name,domain_id,company_id) VALUES ('Emacs', 6, 1);
INSERT INTO Skill (name,domain_id,company_id) VALUES ('Emacs', 6, 2);
INSERT INTO Skill (name,domain_id,company_id) VALUES ('Amazon RDS', 7, 1);
INSERT INTO Skill (name,domain_id,company_id) VALUES ('Amazon RDS', 7, 2);
INSERT INTO Skill (name,domain_id,company_id) VALUES ('Ubuntu', 6, 1);
INSERT INTO Skill (name,domain_id,company_id) VALUES ('Ubuntu', 6, 2);
INSERT INTO Skill (name,domain_id,company_id) VALUES ('Jackson', 4, 1);
INSERT INTO Skill (name,domain_id,company_id) VALUES ('Jackson', 4, 2);
INSERT INTO Skill (name,domain_id,company_id) VALUES ('Couchbase', 7, 1);
INSERT INTO Skill (name,domain_id,company_id) VALUES ('Couchbase', 7, 2);
INSERT INTO Skill (name,domain_id,company_id) VALUES ('NFC', 3, 1);
INSERT INTO Skill (name,domain_id,company_id) VALUES ('NFC', 3, 2);
INSERT INTO Skill (name,domain_id,company_id) VALUES ('Performances JS', null, 1);
INSERT INTO Skill (name,domain_id,company_id) VALUES ('Performances JS', null, 2);
INSERT INTO Skill (name,domain_id,company_id) VALUES ('XL Deploy', 6, 1);
INSERT INTO Skill (name,domain_id,company_id) VALUES ('XL Deploy', 6, 2);
INSERT INTO Skill (name,domain_id,company_id) VALUES ('Clojure', 4, 1);
INSERT INTO Skill (name,domain_id,company_id) VALUES ('Clojure', 4, 2);
INSERT INTO Skill (name,domain_id,company_id) VALUES ('Bee', 1, 1);
INSERT INTO Skill (name,domain_id,company_id) VALUES ('Bee', 1, 2);
INSERT INTO Skill (name,domain_id,company_id) VALUES ('Salsa', null, 1);
INSERT INTO Skill (name,domain_id,company_id) VALUES ('Salsa', null, 2);
INSERT INTO Skill (name,domain_id,company_id) VALUES ('Kibana', 6, 1);
INSERT INTO Skill (name,domain_id,company_id) VALUES ('Kibana', 6, 2);
INSERT INTO Skill (name,domain_id,company_id) VALUES ('Pig', 7, 1);
INSERT INTO Skill (name,domain_id,company_id) VALUES ('Pig', 7, 2);
INSERT INTO Skill (name,domain_id,company_id) VALUES ('Rust', 4, 1);
INSERT INTO Skill (name,domain_id,company_id) VALUES ('Rust', 4, 2);
INSERT INTO Skill (name,domain_id,company_id) VALUES ('Mercurial', 4, 1);
INSERT INTO Skill (name,domain_id,company_id) VALUES ('Mercurial', 4, 2);
INSERT INTO Skill (name,domain_id,company_id) VALUES ('Coding dojo', 2, 1);
INSERT INTO Skill (name,domain_id,company_id) VALUES ('Coding dojo', 2, 2);
INSERT INTO Skill (name,domain_id,company_id) VALUES ('Ant', 4, 1);
INSERT INTO Skill (name,domain_id,company_id) VALUES ('Ant', 4, 2);
INSERT INTO Skill (name,domain_id,company_id) VALUES ('MAO', null, 1);
INSERT INTO Skill (name,domain_id,company_id) VALUES ('MAO', null, 2);
INSERT INTO Skill (name,domain_id,company_id) VALUES ('Guice', 4, 1);
INSERT INTO Skill (name,domain_id,company_id) VALUES ('Guice', 4, 2);
INSERT INTO Skill (name,domain_id,company_id) VALUES ('Kryo', 4, 1);
INSERT INTO Skill (name,domain_id,company_id) VALUES ('Kryo', 4, 2);
INSERT INTO Skill (name,domain_id,company_id) VALUES ('Producer', 1, 1);
INSERT INTO Skill (name,domain_id,company_id) VALUES ('Producer', 1, 2);
INSERT INTO Skill (name,domain_id,company_id) VALUES ('Seyren', null, 1);
INSERT INTO Skill (name,domain_id,company_id) VALUES ('Seyren', null, 2);
INSERT INTO Skill (name,domain_id,company_id) VALUES ('Hadoop', 7, 1);
INSERT INTO Skill (name,domain_id,company_id) VALUES ('Hadoop', 7, 2);
INSERT INTO Skill (name,domain_id,company_id) VALUES ('OAuth', 4, 1);
INSERT INTO Skill (name,domain_id,company_id) VALUES ('OAuth', 4, 2);
INSERT INTO Skill (name,domain_id,company_id) VALUES ('SASS', null, 1);
INSERT INTO Skill (name,domain_id,company_id) VALUES ('SASS', null, 2);
INSERT INTO Skill (name,domain_id,company_id) VALUES ('EJB', 4, 1);
INSERT INTO Skill (name,domain_id,company_id) VALUES ('EJB', 4, 2);
INSERT INTO Skill (name,domain_id,company_id) VALUES ('Apache', 6, 1);
INSERT INTO Skill (name,domain_id,company_id) VALUES ('Apache', 6, 2);
INSERT INTO Skill (name,domain_id,company_id) VALUES ('VisualVM', 4, 1);
INSERT INTO Skill (name,domain_id,company_id) VALUES ('VisualVM', 4, 2);
INSERT INTO Skill (name,domain_id,company_id) VALUES ('Footing', null, 1);
INSERT INTO Skill (name,domain_id,company_id) VALUES ('Footing', null, 2);
INSERT INTO Skill (name,domain_id,company_id) VALUES ('Drone.io', 2, 1);
INSERT INTO Skill (name,domain_id,company_id) VALUES ('Drone.io', 2, 2);
INSERT INTO Skill (name,domain_id,company_id) VALUES ('Moment.js', null, 1);
INSERT INTO Skill (name,domain_id,company_id) VALUES ('Moment.js', null, 2);
INSERT INTO Skill (name,domain_id,company_id) VALUES ('Tennis', null, 1);
INSERT INTO Skill (name,domain_id,company_id) VALUES ('Tennis', null, 2);
INSERT INTO Skill (name,domain_id,company_id) VALUES ('Docker', 6, 1);
INSERT INTO Skill (name,domain_id,company_id) VALUES ('Docker', 6, 2);
INSERT INTO Skill (name,domain_id,company_id) VALUES ('Sql server', 7, 1);
INSERT INTO Skill (name,domain_id,company_id) VALUES ('Sql server', 7, 2);
INSERT INTO Skill (name,domain_id,company_id) VALUES ('Windows Phone', 3, 1);
INSERT INTO Skill (name,domain_id,company_id) VALUES ('Windows Phone', 3, 2);
INSERT INTO Skill (name,domain_id,company_id) VALUES ('Impala', null, 1);
INSERT INTO Skill (name,domain_id,company_id) VALUES ('Impala', null, 2);
INSERT INTO Skill (name,domain_id,company_id) VALUES ('DigitalOcean', 5, 1);
INSERT INTO Skill (name,domain_id,company_id) VALUES ('DigitalOcean', 5, 2);
INSERT INTO Skill (name,domain_id,company_id) VALUES ('RedHat', 4, 1);
INSERT INTO Skill (name,domain_id,company_id) VALUES ('RedHat', 4, 2);
INSERT INTO Skill (name,domain_id,company_id) VALUES ('ArchLinux', 4, 1);
INSERT INTO Skill (name,domain_id,company_id) VALUES ('ArchLinux', 4, 2);
INSERT INTO Skill (name,domain_id,company_id) VALUES ('ActiveMQ', 4, 1);
INSERT INTO Skill (name,domain_id,company_id) VALUES ('ActiveMQ', 4, 2);
INSERT INTO Skill (name,domain_id,company_id) VALUES ('Dropwizard', 4, 1);
INSERT INTO Skill (name,domain_id,company_id) VALUES ('Dropwizard', 4, 2);
INSERT INTO Skill (name,domain_id,company_id) VALUES ('Titanium Mobile', 3, 1);
INSERT INTO Skill (name,domain_id,company_id) VALUES ('Titanium Mobile', 3, 2);
INSERT INTO Skill (name,domain_id,company_id) VALUES ('Codeship', 5, 1);
INSERT INTO Skill (name,domain_id,company_id) VALUES ('Codeship', 5, 2);
INSERT INTO Skill (name,domain_id,company_id) VALUES ('Gpars', 4, 1);
INSERT INTO Skill (name,domain_id,company_id) VALUES ('Gpars', 4, 2);
INSERT INTO Skill (name,domain_id,company_id) VALUES ('Polymer', null, 1);
INSERT INTO Skill (name,domain_id,company_id) VALUES ('Polymer', null, 2);
INSERT INTO Skill (name,domain_id,company_id) VALUES ('TitanDB', 7, 1);
INSERT INTO Skill (name,domain_id,company_id) VALUES ('TitanDB', 7, 2);
INSERT INTO Skill (name,domain_id,company_id) VALUES ('Cypher', 7, 1);
INSERT INTO Skill (name,domain_id,company_id) VALUES ('Cypher', 7, 2);
INSERT INTO Skill (name,domain_id,company_id) VALUES ('Foundation', null, 1);
INSERT INTO Skill (name,domain_id,company_id) VALUES ('Foundation', null, 2);
INSERT INTO Skill (name,domain_id,company_id) VALUES ('Natation', null, 1);
INSERT INTO Skill (name,domain_id,company_id) VALUES ('Natation', null, 2);
INSERT INTO Skill (name,domain_id,company_id) VALUES ('Plongée', null, 1);
INSERT INTO Skill (name,domain_id,company_id) VALUES ('Plongée', null, 2);
INSERT INTO Skill (name,domain_id,company_id) VALUES ('RestEasy', 4, 1);
INSERT INTO Skill (name,domain_id,company_id) VALUES ('RestEasy', 4, 2);
INSERT INTO Skill (name,domain_id,company_id) VALUES ('Terraform', 5, 1);
INSERT INTO Skill (name,domain_id,company_id) VALUES ('Terraform', 5, 2);
INSERT INTO Skill (name,domain_id,company_id) VALUES ('Dagger', 3, 1);
INSERT INTO Skill (name,domain_id,company_id) VALUES ('Dagger', 3, 2);
INSERT INTO Skill (name,domain_id,company_id) VALUES ('Retro Gaming', null, 1);
INSERT INTO Skill (name,domain_id,company_id) VALUES ('Retro Gaming', null, 2);
INSERT INTO Skill (name,domain_id,company_id) VALUES ('living documentation', 2, 1);
INSERT INTO Skill (name,domain_id,company_id) VALUES ('living documentation', 2, 2);
INSERT INTO Skill (name,domain_id,company_id) VALUES ('KVM', 6, 1);
INSERT INTO Skill (name,domain_id,company_id) VALUES ('KVM', 6, 2);
INSERT INTO Skill (name,domain_id,company_id) VALUES ('SuperAgent', null, 1);
INSERT INTO Skill (name,domain_id,company_id) VALUES ('SuperAgent', null, 2);
INSERT INTO Skill (name,domain_id,company_id) VALUES ('Request', null, 1);
INSERT INTO Skill (name,domain_id,company_id) VALUES ('Request', null, 2);
INSERT INTO Skill (name,domain_id,company_id) VALUES ('AMQP', 4, 1);
INSERT INTO Skill (name,domain_id,company_id) VALUES ('AMQP', 4, 2);
INSERT INTO Skill (name,domain_id,company_id) VALUES ('Espresso', 3, 1);
INSERT INTO Skill (name,domain_id,company_id) VALUES ('Espresso', 3, 2);
INSERT INTO Skill (name,domain_id,company_id) VALUES ('Mutation testing', 2, 1);
INSERT INTO Skill (name,domain_id,company_id) VALUES ('Mutation testing', 2, 2);
INSERT INTO Skill (name,domain_id,company_id) VALUES ('Amazon SQS', 5, 1);
INSERT INTO Skill (name,domain_id,company_id) VALUES ('Amazon SQS', 5, 2);
INSERT INTO Skill (name,domain_id,company_id) VALUES ('Machine learning', 7, 1);
INSERT INTO Skill (name,domain_id,company_id) VALUES ('Machine learning', 7, 2);
INSERT INTO Skill (name,domain_id,company_id) VALUES ('German', null, 1);
INSERT INTO Skill (name,domain_id,company_id) VALUES ('German', null, 2);
INSERT INTO Skill (name,domain_id,company_id) VALUES ('SQL', 7, 1);
INSERT INTO Skill (name,domain_id,company_id) VALUES ('SQL', 7, 2);
INSERT INTO Skill (name,domain_id,company_id) VALUES ('JBoss', 4, 1);
INSERT INTO Skill (name,domain_id,company_id) VALUES ('JBoss', 4, 2);
INSERT INTO Skill (name,domain_id,company_id) VALUES ('Chef', 6, 1);
INSERT INTO Skill (name,domain_id,company_id) VALUES ('Chef', 6, 2);
INSERT INTO Skill (name,domain_id,company_id) VALUES ('NewRelic', 6, 1);
INSERT INTO Skill (name,domain_id,company_id) VALUES ('NewRelic', 6, 2);
INSERT INTO Skill (name,domain_id,company_id) VALUES ('Directeur de Projets', 1, 1);
INSERT INTO Skill (name,domain_id,company_id) VALUES ('Directeur de Projets', 1, 2);
INSERT INTO Skill (name,domain_id,company_id) VALUES ('Amazon Web Services', 5, 1);
INSERT INTO Skill (name,domain_id,company_id) VALUES ('Amazon Web Services', 5, 2);
INSERT INTO Skill (name,domain_id,company_id) VALUES ('Amazon SES', 5, 1);
INSERT INTO Skill (name,domain_id,company_id) VALUES ('Amazon SES', 5, 2);
INSERT INTO Skill (name,domain_id,company_id) VALUES ('Tapestry', null, 1);
INSERT INTO Skill (name,domain_id,company_id) VALUES ('Tapestry', null, 2);
INSERT INTO Skill (name,domain_id,company_id) VALUES ('Business Development', null, 1);
INSERT INTO Skill (name,domain_id,company_id) VALUES ('Business Development', null, 2);
INSERT INTO Skill (name,domain_id,company_id) VALUES ('Lisp', 4, 1);
INSERT INTO Skill (name,domain_id,company_id) VALUES ('Lisp', 4, 2);
INSERT INTO Skill (name,domain_id,company_id) VALUES ('Jasmine', null, 1);
INSERT INTO Skill (name,domain_id,company_id) VALUES ('Jasmine', null, 2);
INSERT INTO Skill (name,domain_id,company_id) VALUES ('Java EE', 4, 1);
INSERT INTO Skill (name,domain_id,company_id) VALUES ('Java EE', 4, 2);
INSERT INTO Skill (name,domain_id,company_id) VALUES ('Spock', 2, 1);
INSERT INTO Skill (name,domain_id,company_id) VALUES ('Spock', 2, 2);
INSERT INTO Skill (name,domain_id,company_id) VALUES ('Scalatest', 2, 1);
INSERT INTO Skill (name,domain_id,company_id) VALUES ('Scalatest', 2, 2);
INSERT INTO Skill (name,domain_id,company_id) VALUES ('Symfony2', 4, 1);
INSERT INTO Skill (name,domain_id,company_id) VALUES ('Symfony2', 4, 2);
INSERT INTO Skill (name,domain_id,company_id) VALUES ('Intégration Continue', 2, 1);
INSERT INTO Skill (name,domain_id,company_id) VALUES ('Intégration Continue', 2, 2);
INSERT INTO Skill (name,domain_id,company_id) VALUES ('Selenium', null, 1);
INSERT INTO Skill (name,domain_id,company_id) VALUES ('Selenium', null, 2);
INSERT INTO Skill (name,domain_id,company_id) VALUES ('Witcher 3', null, 1);
INSERT INTO Skill (name,domain_id,company_id) VALUES ('Witcher 3', null, 2);
INSERT INTO Skill (name,domain_id,company_id) VALUES ('Speaker de XKE', 2, 1);
INSERT INTO Skill (name,domain_id,company_id) VALUES ('Speaker de XKE', 2, 2);
INSERT INTO Skill (name,domain_id,company_id) VALUES ('Story Mapping', 1, 1);
INSERT INTO Skill (name,domain_id,company_id) VALUES ('Story Mapping', 1, 2);
INSERT INTO Skill (name,domain_id,company_id) VALUES ('Oracle', 7, 1);
INSERT INTO Skill (name,domain_id,company_id) VALUES ('Oracle', 7, 2);
INSERT INTO Skill (name,domain_id,company_id) VALUES ('Git', 2, 1);
INSERT INTO Skill (name,domain_id,company_id) VALUES ('Git', 2, 2);
INSERT INTO Skill (name,domain_id,company_id) VALUES ('Finnish', null, 1);
INSERT INTO Skill (name,domain_id,company_id) VALUES ('Finnish', null, 2);
INSERT INTO Skill (name,domain_id,company_id) VALUES ('Ansible', 6, 1);
INSERT INTO Skill (name,domain_id,company_id) VALUES ('Ansible', 6, 2);
INSERT INTO Skill (name,domain_id,company_id) VALUES ('Grails', 4, 1);
INSERT INTO Skill (name,domain_id,company_id) VALUES ('Grails', 4, 2);
INSERT INTO Skill (name,domain_id,company_id) VALUES ('Seo', null, 1);
INSERT INTO Skill (name,domain_id,company_id) VALUES ('Seo', null, 2);
INSERT INTO Skill (name,domain_id,company_id) VALUES ('Atom', null, 1);
INSERT INTO Skill (name,domain_id,company_id) VALUES ('Atom', null, 2);
INSERT INTO Skill (name,domain_id,company_id) VALUES ('JDO/JPA', 4, 1);
INSERT INTO Skill (name,domain_id,company_id) VALUES ('JDO/JPA', 4, 2);
INSERT INTO Skill (name,domain_id,company_id) VALUES ('Less', null, 1);
INSERT INTO Skill (name,domain_id,company_id) VALUES ('Less', null, 2);
INSERT INTO Skill (name,domain_id,company_id) VALUES ('JAX-WS', 4, 1);
INSERT INTO Skill (name,domain_id,company_id) VALUES ('JAX-WS', 4, 2);
INSERT INTO Skill (name,domain_id,company_id) VALUES ('XML', 4, 1);
INSERT INTO Skill (name,domain_id,company_id) VALUES ('XML', 4, 2);
INSERT INTO Skill (name,domain_id,company_id) VALUES ('Strategy', 1, 1);
INSERT INTO Skill (name,domain_id,company_id) VALUES ('Strategy', 1, 2);
INSERT INTO Skill (name,domain_id,company_id) VALUES ('Management 3.0', 1, 1);
INSERT INTO Skill (name,domain_id,company_id) VALUES ('Management 3.0', 1, 2);
INSERT INTO Skill (name,domain_id,company_id) VALUES ('Scrum Mastering', 1, 1);
INSERT INTO Skill (name,domain_id,company_id) VALUES ('Scrum Mastering', 1, 2);
INSERT INTO Skill (name,domain_id,company_id) VALUES ('JMS', 4, 1);
INSERT INTO Skill (name,domain_id,company_id) VALUES ('JMS', 4, 2);
INSERT INTO Skill (name,domain_id,company_id) VALUES ('DAISY', 5, 1);
INSERT INTO Skill (name,domain_id,company_id) VALUES ('DAISY', 5, 2);
INSERT INTO Skill (name,domain_id,company_id) VALUES ('Avant-Vente', 1, 1);
INSERT INTO Skill (name,domain_id,company_id) VALUES ('Avant-Vente', 1, 2);
INSERT INTO Skill (name,domain_id,company_id) VALUES ('World of Warcraft', null, 1);
INSERT INTO Skill (name,domain_id,company_id) VALUES ('World of Warcraft', null, 2);
INSERT INTO Skill (name,domain_id,company_id) VALUES ('Underscore', null, 1);
INSERT INTO Skill (name,domain_id,company_id) VALUES ('Underscore', null, 2);
INSERT INTO Skill (name,domain_id,company_id) VALUES ('Mobile Gaming', null, 1);
INSERT INTO Skill (name,domain_id,company_id) VALUES ('Mobile Gaming', null, 2);
INSERT INTO Skill (name,domain_id,company_id) VALUES ('Datamining', 7, 1);
INSERT INTO Skill (name,domain_id,company_id) VALUES ('Datamining', 7, 2);
INSERT INTO Skill (name,domain_id,company_id) VALUES ('AppDynamics', 6, 1);
INSERT INTO Skill (name,domain_id,company_id) VALUES ('AppDynamics', 6, 2);
INSERT INTO Skill (name,domain_id,company_id) VALUES ('Infa-as-code', 6, 1);
INSERT INTO Skill (name,domain_id,company_id) VALUES ('Infa-as-code', 6, 2);
INSERT INTO Skill (name,domain_id,company_id) VALUES ('CDI', 4, 1);
INSERT INTO Skill (name,domain_id,company_id) VALUES ('CDI', 4, 2);
INSERT INTO Skill (name,domain_id,company_id) VALUES ('PostgreSQL', 7, 1);
INSERT INTO Skill (name,domain_id,company_id) VALUES ('PostgreSQL', 7, 2);
INSERT INTO Skill (name,domain_id,company_id) VALUES ('A3 report', 1, 1);
INSERT INTO Skill (name,domain_id,company_id) VALUES ('A3 report', 1, 2);
INSERT INTO Skill (name,domain_id,company_id) VALUES ('Spring Boot', 4, 1);
INSERT INTO Skill (name,domain_id,company_id) VALUES ('Spring Boot', 4, 2);
INSERT INTO Skill (name,domain_id,company_id) VALUES ('d3.js', null, 1);
INSERT INTO Skill (name,domain_id,company_id) VALUES ('d3.js', null, 2);
INSERT INTO Skill (name,domain_id,company_id) VALUES ('Bourbon.io', null, 1);
INSERT INTO Skill (name,domain_id,company_id) VALUES ('Bourbon.io', null, 2);
INSERT INTO Skill (name,domain_id,company_id) VALUES ('Marketing', null, 1);
INSERT INTO Skill (name,domain_id,company_id) VALUES ('Marketing', null, 2);
INSERT INTO Skill (name,domain_id,company_id) VALUES ('Shell', 6, 1);
INSERT INTO Skill (name,domain_id,company_id) VALUES ('Shell', 6, 2);
INSERT INTO Skill (name,domain_id,company_id) VALUES ('CSM', null, 1);
INSERT INTO Skill (name,domain_id,company_id) VALUES ('CSM', null, 2);
INSERT INTO Skill (name,domain_id,company_id) VALUES ('Neo4J', 7, 1);
INSERT INTO Skill (name,domain_id,company_id) VALUES ('Neo4J', 7, 2);
INSERT INTO Skill (name,domain_id,company_id) VALUES ('Jeux Vidéo', null, 1);
INSERT INTO Skill (name,domain_id,company_id) VALUES ('Jeux Vidéo', null, 2);
INSERT INTO Skill (name,domain_id,company_id) VALUES ('japonais', null, 1);
INSERT INTO Skill (name,domain_id,company_id) VALUES ('japonais', null, 2);
INSERT INTO Skill (name,domain_id,company_id) VALUES ('Multicultural', null, 1);
INSERT INTO Skill (name,domain_id,company_id) VALUES ('Multicultural', null, 2);
INSERT INTO Skill (name,domain_id,company_id) VALUES ('Social Gaming', null, 1);
INSERT INTO Skill (name,domain_id,company_id) VALUES ('Social Gaming', null, 2);
INSERT INTO Skill (name,domain_id,company_id) VALUES ('UX', null, 1);
INSERT INTO Skill (name,domain_id,company_id) VALUES ('UX', null, 2);
INSERT INTO Skill (name,domain_id,company_id) VALUES ('Ableton Live', null, 1);
INSERT INTO Skill (name,domain_id,company_id) VALUES ('Ableton Live', null, 2);
INSERT INTO Skill (name,domain_id,company_id) VALUES ('Théâtre', null, 1);
INSERT INTO Skill (name,domain_id,company_id) VALUES ('Théâtre', null, 2);
INSERT INTO Skill (name,domain_id,company_id) VALUES ('Équitation', null, 1);
INSERT INTO Skill (name,domain_id,company_id) VALUES ('Équitation', null, 2);
INSERT INTO Skill (name,domain_id,company_id) VALUES ('Brunch.io', null, 1);
INSERT INTO Skill (name,domain_id,company_id) VALUES ('Brunch.io', null, 2);
INSERT INTO Skill (name,domain_id,company_id) VALUES ('Dataiku', 7, 1);
INSERT INTO Skill (name,domain_id,company_id) VALUES ('Dataiku', 7, 2);
INSERT INTO Skill (name,domain_id,company_id) VALUES ('Cadrage Projet', 1, 1);
INSERT INTO Skill (name,domain_id,company_id) VALUES ('Cadrage Projet', 1, 2);
INSERT INTO Skill (name,domain_id,company_id) VALUES ('Lock-free', 4, 1);
INSERT INTO Skill (name,domain_id,company_id) VALUES ('Lock-free', 4, 2);
INSERT INTO Skill (name,domain_id,company_id) VALUES ('CoreOS', 6, 1);
INSERT INTO Skill (name,domain_id,company_id) VALUES ('CoreOS', 6, 2);
INSERT INTO Skill (name,domain_id,company_id) VALUES ('GWT', null, 1);
INSERT INTO Skill (name,domain_id,company_id) VALUES ('GWT', null, 2);
INSERT INTO Skill (name,domain_id,company_id) VALUES ('Illustrator', null, 1);
INSERT INTO Skill (name,domain_id,company_id) VALUES ('Illustrator', null, 2);
INSERT INTO Skill (name,domain_id,company_id) VALUES ('Ember', null, 1);
INSERT INTO Skill (name,domain_id,company_id) VALUES ('Ember', null, 2);
INSERT INTO Skill (name,domain_id,company_id) VALUES ('Cassandra', 7, 1);
INSERT INTO Skill (name,domain_id,company_id) VALUES ('Cassandra', 7, 2);
INSERT INTO Skill (name,domain_id,company_id) VALUES ('Impression 3D', null, 1);
INSERT INTO Skill (name,domain_id,company_id) VALUES ('Impression 3D', null, 2);
INSERT INTO Skill (name,domain_id,company_id) VALUES ('Groovy', 4, 1);
INSERT INTO Skill (name,domain_id,company_id) VALUES ('Groovy', 4, 2);
INSERT INTO Skill (name,domain_id,company_id) VALUES ('Flume', 4, 1);
INSERT INTO Skill (name,domain_id,company_id) VALUES ('Flume', 4, 2);
INSERT INTO Skill (name,domain_id,company_id) VALUES ('Cordova', 3, 1);
INSERT INTO Skill (name,domain_id,company_id) VALUES ('Cordova', 3, 2);
INSERT INTO Skill (name,domain_id,company_id) VALUES ('EJB3', 4, 1);
INSERT INTO Skill (name,domain_id,company_id) VALUES ('EJB3', 4, 2);
INSERT INTO Skill (name,domain_id,company_id) VALUES ('Q.js', 4, 1);
INSERT INTO Skill (name,domain_id,company_id) VALUES ('Q.js', 4, 2);
INSERT INTO Skill (name,domain_id,company_id) VALUES ('Golf', null, 1);
INSERT INTO Skill (name,domain_id,company_id) VALUES ('Golf', null, 2);
INSERT INTO Skill (name,domain_id,company_id) VALUES ('Kafka', 4, 1);
INSERT INTO Skill (name,domain_id,company_id) VALUES ('Kafka', 4, 2);
INSERT INTO Skill (name,domain_id,company_id) VALUES ('Spring webFlow', null, 1);
INSERT INTO Skill (name,domain_id,company_id) VALUES ('Spring webFlow', null, 2);
INSERT INTO Skill (name,domain_id,company_id) VALUES ('Python', 6, 1);
INSERT INTO Skill (name,domain_id,company_id) VALUES ('Python', 6, 2);
INSERT INTO Skill (name,domain_id,company_id) VALUES ('C', 4, 1);
INSERT INTO Skill (name,domain_id,company_id) VALUES ('C', 4, 2);
INSERT INTO Skill (name,domain_id,company_id) VALUES ('Ethereum', 5, 1);
INSERT INTO Skill (name,domain_id,company_id) VALUES ('Ethereum', 5, 2);
INSERT INTO Skill (name,domain_id,company_id) VALUES ('Ultra Messaging', 4, 1);
INSERT INTO Skill (name,domain_id,company_id) VALUES ('Ultra Messaging', 4, 2);
INSERT INTO Skill (name,domain_id,company_id) VALUES ('FitNesse', 2, 1);
INSERT INTO Skill (name,domain_id,company_id) VALUES ('FitNesse', 2, 2);
INSERT INTO Skill (name,domain_id,company_id) VALUES ('WebGL', null, 1);
INSERT INTO Skill (name,domain_id,company_id) VALUES ('WebGL', null, 2);
INSERT INTO Skill (name,domain_id,company_id) VALUES ('Russe', null, 1);
INSERT INTO Skill (name,domain_id,company_id) VALUES ('Russe', null, 2);
INSERT INTO Skill (name,domain_id,company_id) VALUES ('prolog', 7, 1);
INSERT INTO Skill (name,domain_id,company_id) VALUES ('prolog', 7, 2);
INSERT INTO Skill (name,domain_id,company_id) VALUES ('Dashing', null, 1);
INSERT INTO Skill (name,domain_id,company_id) VALUES ('Dashing', null, 2);
INSERT INTO Skill (name,domain_id,company_id) VALUES ('ceph', null, 1);
INSERT INTO Skill (name,domain_id,company_id) VALUES ('ceph', null, 2);
INSERT INTO Skill (name,domain_id,company_id) VALUES ('tmux', 6, 1);
INSERT INTO Skill (name,domain_id,company_id) VALUES ('tmux', 6, 2);
INSERT INTO Skill (name,domain_id,company_id) VALUES ('Fluxxor', null, 1);
INSERT INTO Skill (name,domain_id,company_id) VALUES ('Fluxxor', null, 2);
INSERT INTO Skill (name,domain_id,company_id) VALUES ('web componant', null, 1);
INSERT INTO Skill (name,domain_id,company_id) VALUES ('web componant', null, 2);
INSERT INTO Skill (name,domain_id,company_id) VALUES ('Architecture Flux', null, 1);
INSERT INTO Skill (name,domain_id,company_id) VALUES ('Architecture Flux', null, 2);
INSERT INTO Skill (name,domain_id,company_id) VALUES ('web mobile', 3, 1);
INSERT INTO Skill (name,domain_id,company_id) VALUES ('web mobile', 3, 2);
INSERT INTO Skill (name,domain_id,company_id) VALUES ('Introspection', null, 1);
INSERT INTO Skill (name,domain_id,company_id) VALUES ('Introspection', null, 2);
INSERT INTO Skill (name,domain_id,company_id) VALUES ('Reflexivité', null, 1);
INSERT INTO Skill (name,domain_id,company_id) VALUES ('Reflexivité', null, 2);
INSERT INTO Skill (name,domain_id,company_id) VALUES ('Feature Team', 1, 1);
INSERT INTO Skill (name,domain_id,company_id) VALUES ('Feature Team', 1, 2);
INSERT INTO Skill (name,domain_id,company_id) VALUES ('Films & Séries', null, 1);
INSERT INTO Skill (name,domain_id,company_id) VALUES ('Films & Séries', null, 2);
INSERT INTO Skill (name,domain_id,company_id) VALUES ('CodeShip', 5, 1);
INSERT INTO Skill (name,domain_id,company_id) VALUES ('CodeShip', 5, 2);
INSERT INTO Skill (name,domain_id,company_id) VALUES ('Kick Boxing', null, 1);
INSERT INTO Skill (name,domain_id,company_id) VALUES ('Kick Boxing', null, 2);
INSERT INTO Skill (name,domain_id,company_id) VALUES ('BlueBird', null, 1);
INSERT INTO Skill (name,domain_id,company_id) VALUES ('BlueBird', null, 2);
INSERT INTO Skill (name,domain_id,company_id) VALUES ('Rewire', null, 1);
INSERT INTO Skill (name,domain_id,company_id) VALUES ('Rewire', null, 2);
INSERT INTO Skill (name,domain_id,company_id) VALUES ('sqoop', 7, 1);
INSERT INTO Skill (name,domain_id,company_id) VALUES ('sqoop', 7, 2);
INSERT INTO Skill (name,domain_id,company_id) VALUES ('Thibaud', null, 1);
INSERT INTO Skill (name,domain_id,company_id) VALUES ('Thibaud', null, 2);
INSERT INTO Skill (name,domain_id,company_id) VALUES ('SAFE', 1, 1);
INSERT INTO Skill (name,domain_id,company_id) VALUES ('SAFE', 1, 2);
INSERT INTO Skill (name,domain_id,company_id) VALUES ('Heroes of the storm', null, 1);
INSERT INTO Skill (name,domain_id,company_id) VALUES ('Heroes of the storm', null, 2);
INSERT INTO Skill (name,domain_id,company_id) VALUES ('Refactoring', 2, 1);
INSERT INTO Skill (name,domain_id,company_id) VALUES ('Refactoring', 2, 2);
INSERT INTO Skill (name,domain_id,company_id) VALUES ('HAProxy', 4, 1);
INSERT INTO Skill (name,domain_id,company_id) VALUES ('HAProxy', 4, 2);
INSERT INTO Skill (name,domain_id,company_id) VALUES ('CQRS', 4, 1);
INSERT INTO Skill (name,domain_id,company_id) VALUES ('CQRS', 4, 2);
INSERT INTO Skill (name,domain_id,company_id) VALUES ('Vélo', null, 1);
INSERT INTO Skill (name,domain_id,company_id) VALUES ('Vélo', null, 2);
INSERT INTO Skill (name,domain_id,company_id) VALUES ('Statistique', 7, 1);
INSERT INTO Skill (name,domain_id,company_id) VALUES ('Statistique', 7, 2);
INSERT INTO Skill (name,domain_id,company_id) VALUES ('Grafana', null, 1);
INSERT INTO Skill (name,domain_id,company_id) VALUES ('Grafana', null, 2);
INSERT INTO Skill (name,domain_id,company_id) VALUES ('Granite DS', 4, 1);
INSERT INTO Skill (name,domain_id,company_id) VALUES ('Granite DS', 4, 2);
INSERT INTO Skill (name,domain_id,company_id) VALUES ('Extreme Roadmapping', 1, 1);
INSERT INTO Skill (name,domain_id,company_id) VALUES ('Extreme Roadmapping', 1, 2);
INSERT INTO Skill (name,domain_id,company_id) VALUES ('Metrics', 6, 1);
INSERT INTO Skill (name,domain_id,company_id) VALUES ('Metrics', 6, 2);
INSERT INTO Skill (name,domain_id,company_id) VALUES ('CoffeeScript', null, 1);
INSERT INTO Skill (name,domain_id,company_id) VALUES ('CoffeeScript', null, 2);
INSERT INTO Skill (name,domain_id,company_id) VALUES ('Transformation agile', 1, 1);
INSERT INTO Skill (name,domain_id,company_id) VALUES ('Transformation agile', 1, 2);
INSERT INTO Skill (name,domain_id,company_id) VALUES ('Ruby', 4, 1);
INSERT INTO Skill (name,domain_id,company_id) VALUES ('Ruby', 4, 2);
INSERT INTO Skill (name,domain_id,company_id) VALUES ('SOLID', 2, 1);
INSERT INTO Skill (name,domain_id,company_id) VALUES ('SOLID', 2, 2);
INSERT INTO Skill (name,domain_id,company_id) VALUES ('Transformation', 1, 1);
INSERT INTO Skill (name,domain_id,company_id) VALUES ('Transformation', 1, 2);
INSERT INTO Skill (name,domain_id,company_id) VALUES ('DynamoDB', 7, 1);
INSERT INTO Skill (name,domain_id,company_id) VALUES ('DynamoDB', 7, 2);
INSERT INTO Skill (name,domain_id,company_id) VALUES ('Gestion de Projet', 1, 1);
INSERT INTO Skill (name,domain_id,company_id) VALUES ('Gestion de Projet', 1, 2);
INSERT INTO Skill (name,domain_id,company_id) VALUES ('Electronique', null, 1);
INSERT INTO Skill (name,domain_id,company_id) VALUES ('Electronique', null, 2);
INSERT INTO Skill (name,domain_id,company_id) VALUES ('MyBatis', 4, 1);
INSERT INTO Skill (name,domain_id,company_id) VALUES ('MyBatis', 4, 2);
INSERT INTO Skill (name,domain_id,company_id) VALUES ('Regarder les matches', null, 1);
INSERT INTO Skill (name,domain_id,company_id) VALUES ('Regarder les matches', null, 2);
INSERT INTO Skill (name,domain_id,company_id) VALUES ('Matlab', null, 1);
INSERT INTO Skill (name,domain_id,company_id) VALUES ('Matlab', null, 2);
INSERT INTO Skill (name,domain_id,company_id) VALUES ('iBeacon', 3, 1);
INSERT INTO Skill (name,domain_id,company_id) VALUES ('iBeacon', 3, 2);
INSERT INTO Skill (name,domain_id,company_id) VALUES ('JHarmony', 4, 1);
INSERT INTO Skill (name,domain_id,company_id) VALUES ('JHarmony', 4, 2);
INSERT INTO Skill (name,domain_id,company_id) VALUES ('BlazeDS', 4, 1);
INSERT INTO Skill (name,domain_id,company_id) VALUES ('BlazeDS', 4, 2);
INSERT INTO Skill (name,domain_id,company_id) VALUES ('POI', 4, 1);
INSERT INTO Skill (name,domain_id,company_id) VALUES ('POI', 4, 2);
INSERT INTO Skill (name,domain_id,company_id) VALUES ('Parse', 3, 1);
INSERT INTO Skill (name,domain_id,company_id) VALUES ('Parse', 3, 2);
INSERT INTO Skill (name,domain_id,company_id) VALUES ('retrospective', 1, 1);
INSERT INTO Skill (name,domain_id,company_id) VALUES ('retrospective', 1, 2);
INSERT INTO Skill (name,domain_id,company_id) VALUES ('Ocaml', 4, 1);
INSERT INTO Skill (name,domain_id,company_id) VALUES ('Ocaml', 4, 2);
INSERT INTO Skill (name,domain_id,company_id) VALUES ('Visual Basic', null, 1);
INSERT INTO Skill (name,domain_id,company_id) VALUES ('Visual Basic', null, 2);
INSERT INTO Skill (name,domain_id,company_id) VALUES ('Indesign', null, 1);
INSERT INTO Skill (name,domain_id,company_id) VALUES ('Indesign', null, 2);
INSERT INTO Skill (name,domain_id,company_id) VALUES ('hornetQ', null, 1);
INSERT INTO Skill (name,domain_id,company_id) VALUES ('hornetQ', null, 2);
INSERT INTO Skill (name,domain_id,company_id) VALUES ('EasyMock', 2, 1);
INSERT INTO Skill (name,domain_id,company_id) VALUES ('EasyMock', 2, 2);
INSERT INTO Skill (name,domain_id,company_id) VALUES ('H20', null, 1);
INSERT INTO Skill (name,domain_id,company_id) VALUES ('H20', null, 2);
INSERT INTO Skill (name,domain_id,company_id) VALUES ('Robotium', 3, 1);
INSERT INTO Skill (name,domain_id,company_id) VALUES ('Robotium', 3, 2);
INSERT INTO Skill (name,domain_id,company_id) VALUES ('QT', null, 1);
INSERT INTO Skill (name,domain_id,company_id) VALUES ('QT', null, 2);
INSERT INTO Skill (name,domain_id,company_id) VALUES ('Web Component', null, 1);
INSERT INTO Skill (name,domain_id,company_id) VALUES ('Web Component', null, 2);
INSERT INTO Skill (name,domain_id,company_id) VALUES ('Safe', null, 1);
INSERT INTO Skill (name,domain_id,company_id) VALUES ('Safe', null, 2);
INSERT INTO Skill (name,domain_id,company_id) VALUES ('ADA', null, 1);
INSERT INTO Skill (name,domain_id,company_id) VALUES ('ADA', null, 2);
INSERT INTO Skill (name,domain_id,company_id) VALUES ('Sureté', null, 1);
INSERT INTO Skill (name,domain_id,company_id) VALUES ('Sureté', null, 2);
INSERT INTO Skill (name,domain_id,company_id) VALUES ('SSO', 4, 1);
INSERT INTO Skill (name,domain_id,company_id) VALUES ('SSO', 4, 2);
INSERT INTO Skill (name,domain_id,company_id) VALUES ('Embarqué', null, 1);
INSERT INTO Skill (name,domain_id,company_id) VALUES ('Embarqué', null, 2);
INSERT INTO Skill (name,domain_id,company_id) VALUES ('Maths', 7, 1);
INSERT INTO Skill (name,domain_id,company_id) VALUES ('Maths', 7, 2);
INSERT INTO Skill (name,domain_id,company_id) VALUES ('SaltSack', null, 1);
INSERT INTO Skill (name,domain_id,company_id) VALUES ('SaltSack', null, 2);
INSERT INTO Skill (name,domain_id,company_id) VALUES ('NightWatch', null, 1);
INSERT INTO Skill (name,domain_id,company_id) VALUES ('NightWatch', null, 2);
INSERT INTO Skill (name,domain_id,company_id) VALUES ('ES6', null, 1);
INSERT INTO Skill (name,domain_id,company_id) VALUES ('ES6', null, 2);
INSERT INTO Skill (name,domain_id,company_id) VALUES ('handlebars', null, 1);
INSERT INTO Skill (name,domain_id,company_id) VALUES ('handlebars', null, 2);
INSERT INTO Skill (name,domain_id,company_id) VALUES ('Angular 2', null, 1);
INSERT INTO Skill (name,domain_id,company_id) VALUES ('Angular 2', null, 2);
INSERT INTO Skill (name,domain_id,company_id) VALUES ('FIFA', null, 1);
INSERT INTO Skill (name,domain_id,company_id) VALUES ('FIFA', null, 2);
INSERT INTO Skill (name,domain_id,company_id) VALUES ('Logmatic', null, 1);
INSERT INTO Skill (name,domain_id,company_id) VALUES ('Logmatic', null, 2);
INSERT INTO Skill (name,domain_id,company_id) VALUES ('Minecraft', null, 1);
INSERT INTO Skill (name,domain_id,company_id) VALUES ('Minecraft', null, 2);
INSERT INTO Skill (name,domain_id,company_id) VALUES ('maven', null, 1);
INSERT INTO Skill (name,domain_id,company_id) VALUES ('maven', null, 2);
INSERT INTO Skill (name,domain_id,company_id) VALUES ('sécurité', null, 1);
INSERT INTO Skill (name,domain_id,company_id) VALUES ('sécurité', null, 2);
INSERT INTO Skill (name,domain_id,company_id) VALUES ('Kandan', null, 1);
INSERT INTO Skill (name,domain_id,company_id) VALUES ('Kandan', null, 2);
INSERT INTO Skill (name,domain_id,company_id) VALUES ('Final Fantasy', null, 1);
INSERT INTO Skill (name,domain_id,company_id) VALUES ('Final Fantasy', null, 2);
INSERT INTO Skill (name,domain_id,company_id) VALUES ('Testem', null, 1);
INSERT INTO Skill (name,domain_id,company_id) VALUES ('Testem', null, 2);
INSERT INTO Skill (name,domain_id,company_id) VALUES ('Street Fighter', null, 1);
INSERT INTO Skill (name,domain_id,company_id) VALUES ('Street Fighter', null, 2);
INSERT INTO Skill (name,domain_id,company_id) VALUES ('LaTeX', null, 1);
INSERT INTO Skill (name,domain_id,company_id) VALUES ('LaTeX', null, 2);
INSERT INTO Skill (name,domain_id,company_id) VALUES ('Django', 4, 1);
INSERT INTO Skill (name,domain_id,company_id) VALUES ('Django', 4, 2);
INSERT INTO Skill (name,domain_id,company_id) VALUES ('Ionic', 3, 1);
INSERT INTO Skill (name,domain_id,company_id) VALUES ('Ionic', 3, 2);
INSERT INTO Skill (name,domain_id,company_id) VALUES ('Portuguese', null, 1);
INSERT INTO Skill (name,domain_id,company_id) VALUES ('Portuguese', null, 2);
INSERT INTO Skill (name,domain_id,company_id) VALUES ('Batterie', null, 1);
INSERT INTO Skill (name,domain_id,company_id) VALUES ('Batterie', null, 2);
INSERT INTO Skill (name,domain_id,company_id) VALUES ('KnockoutJS', null, 1);
INSERT INTO Skill (name,domain_id,company_id) VALUES ('KnockoutJS', null, 2);
INSERT INTO Skill (name,domain_id,company_id) VALUES ('Badminton', null, 1);
INSERT INTO Skill (name,domain_id,company_id) VALUES ('Badminton', null, 2);
INSERT INTO Skill (name,domain_id,company_id) VALUES ('English (Read/Write)', null, 1);
INSERT INTO Skill (name,domain_id,company_id) VALUES ('English (Read/Write)', null, 2);
INSERT INTO Skill (name,domain_id,company_id) VALUES ('English (Oral)', null, 1);
INSERT INTO Skill (name,domain_id,company_id) VALUES ('English (Oral)', null, 2);
INSERT INTO Skill (name,domain_id,company_id) VALUES ('Kotlin', null, 1);
INSERT INTO Skill (name,domain_id,company_id) VALUES ('Kotlin', null, 2);
INSERT INTO Skill (name,domain_id,company_id) VALUES ('Varnish', null, 1);
INSERT INTO Skill (name,domain_id,company_id) VALUES ('Varnish', null, 2);
INSERT INTO Skill (name,domain_id,company_id) VALUES ('Merise', 2, 1);
INSERT INTO Skill (name,domain_id,company_id) VALUES ('Merise', 2, 2);
INSERT INTO Skill (name,domain_id,company_id) VALUES ('Datawarehousing', 7, 1);
INSERT INTO Skill (name,domain_id,company_id) VALUES ('Datawarehousing', 7, 2);
INSERT INTO Skill (name,domain_id,company_id) VALUES ('ProxMox', 6, 1);
INSERT INTO Skill (name,domain_id,company_id) VALUES ('ProxMox', 6, 2);
INSERT INTO Skill (name,domain_id,company_id) VALUES ('Reflux', null, 1);
INSERT INTO Skill (name,domain_id,company_id) VALUES ('Reflux', null, 2);
INSERT INTO Skill (name,domain_id,company_id) VALUES ('Squash', null, 1);
INSERT INTO Skill (name,domain_id,company_id) VALUES ('Squash', null, 2);
INSERT INTO Skill (name,domain_id,company_id) VALUES ('Graphana', null, 1);
INSERT INTO Skill (name,domain_id,company_id) VALUES ('Graphana', null, 2);
INSERT INTO Skill (name,domain_id,company_id) VALUES ('Libgdx', null, 1);
INSERT INTO Skill (name,domain_id,company_id) VALUES ('Libgdx', null, 2);
INSERT INTO Skill (name,domain_id,company_id) VALUES ('Extreme Programming', 2, 1);
INSERT INTO Skill (name,domain_id,company_id) VALUES ('Extreme Programming', 2, 2);
INSERT INTO Skill (name,domain_id,company_id) VALUES ('Olap', 7, 1);
INSERT INTO Skill (name,domain_id,company_id) VALUES ('Olap', 7, 2);
INSERT INTO Skill (name,domain_id,company_id) VALUES ('Talend', 4, 1);
INSERT INTO Skill (name,domain_id,company_id) VALUES ('Talend', 4, 2);
INSERT INTO Skill (name,domain_id,company_id) VALUES ('Arduino', null, 1);
INSERT INTO Skill (name,domain_id,company_id) VALUES ('Arduino', null, 2);
INSERT INTO Skill (name,domain_id,company_id) VALUES ('Espagnol', null, 1);
INSERT INTO Skill (name,domain_id,company_id) VALUES ('Espagnol', null, 2);
INSERT INTO Skill (name,domain_id,company_id) VALUES ('GO', 4, 1);
INSERT INTO Skill (name,domain_id,company_id) VALUES ('GO', 4, 2);
INSERT INTO Skill (name,domain_id,company_id) VALUES ('Packer', 5, 1);
INSERT INTO Skill (name,domain_id,company_id) VALUES ('Packer', 5, 2);
INSERT INTO Skill (name,domain_id,company_id) VALUES ('LXC', null, 1);
INSERT INTO Skill (name,domain_id,company_id) VALUES ('LXC', null, 2);
INSERT INTO Skill (name,domain_id,company_id) VALUES ('maury', null, 1);
INSERT INTO Skill (name,domain_id,company_id) VALUES ('maury', null, 2);
INSERT INTO Skill (name,domain_id,company_id) VALUES ('Google Cloud', 5, 1);
INSERT INTO Skill (name,domain_id,company_id) VALUES ('Google Cloud', 5, 2);
INSERT INTO Skill (name,domain_id,company_id) VALUES ('Express', null, 1);
INSERT INTO Skill (name,domain_id,company_id) VALUES ('Express', null, 2);
INSERT INTO Skill (name,domain_id,company_id) VALUES ('Papa', null, 1);
INSERT INTO Skill (name,domain_id,company_id) VALUES ('Papa', null, 2);
INSERT INTO Skill (name,domain_id,company_id) VALUES ('Bash', 6, 1);
INSERT INTO Skill (name,domain_id,company_id) VALUES ('Bash', 6, 2);
INSERT INTO Skill (name,domain_id,company_id) VALUES ('Amazon Cloudwatch', 5, 1);
INSERT INTO Skill (name,domain_id,company_id) VALUES ('Amazon Cloudwatch', 5, 2);
INSERT INTO Skill (name,domain_id,company_id) VALUES ('Google Script', 2, 1);
INSERT INTO Skill (name,domain_id,company_id) VALUES ('Google Script', 2, 2);
INSERT INTO Skill (name,domain_id,company_id) VALUES ('cousin', null, 1);
INSERT INTO Skill (name,domain_id,company_id) VALUES ('cousin', null, 2);
INSERT INTO Skill (name,domain_id,company_id) VALUES ('Angular2', null, 1);
INSERT INTO Skill (name,domain_id,company_id) VALUES ('Angular2', null, 2);
INSERT INTO Skill (name,domain_id,company_id) VALUES ('Retrofit', null, 1);
INSERT INTO Skill (name,domain_id,company_id) VALUES ('Retrofit', null, 2);
INSERT INTO Skill (name,domain_id,company_id) VALUES ('CircleCI', null, 1);
INSERT INTO Skill (name,domain_id,company_id) VALUES ('CircleCI', null, 2);
INSERT INTO Skill (name,domain_id,company_id) VALUES ('Espagnol (oral)', null, 1);
INSERT INTO Skill (name,domain_id,company_id) VALUES ('Espagnol (oral)', null, 2);
INSERT INTO Skill (name,domain_id,company_id) VALUES ('Humour douteux', null, 1);
INSERT INTO Skill (name,domain_id,company_id) VALUES ('Humour douteux', null, 2);
INSERT INTO Skill (name,domain_id,company_id) VALUES ('Hortense', null, 1);
INSERT INTO Skill (name,domain_id,company_id) VALUES ('Hortense', null, 2);
INSERT INTO Skill (name,domain_id,company_id) VALUES ('Formateur agile', 1, 1);
INSERT INTO Skill (name,domain_id,company_id) VALUES ('Formateur agile', 1, 2);
INSERT INTO Skill (name,domain_id,company_id) VALUES ('Formateur DevOps', 6, 1);
INSERT INTO Skill (name,domain_id,company_id) VALUES ('Formateur DevOps', 6, 2);
INSERT INTO Skill (name,domain_id,company_id) VALUES ('CAS', 4, 1);
INSERT INTO Skill (name,domain_id,company_id) VALUES ('CAS', 4, 2);
INSERT INTO Skill (name,domain_id,company_id) VALUES ('Dark Souls', null, 1);
INSERT INTO Skill (name,domain_id,company_id) VALUES ('Dark Souls', null, 2);
INSERT INTO Skill (name,domain_id,company_id) VALUES ('fluentd', null, 1);
INSERT INTO Skill (name,domain_id,company_id) VALUES ('fluentd', null, 2);
INSERT INTO Skill (name,domain_id,company_id) VALUES ('React-router', null, 1);
INSERT INTO Skill (name,domain_id,company_id) VALUES ('React-router', null, 2);
INSERT INTO Skill (name,domain_id,company_id) VALUES ('HyperLogLog', 7, 1);
INSERT INTO Skill (name,domain_id,company_id) VALUES ('HyperLogLog', 7, 2);
INSERT INTO Skill (name,domain_id,company_id) VALUES ('qunit', null, 1);
INSERT INTO Skill (name,domain_id,company_id) VALUES ('qunit', null, 2);
INSERT INTO Skill (name,domain_id,company_id) VALUES ('Decapsulage briquet', null, 1);
INSERT INTO Skill (name,domain_id,company_id) VALUES ('Decapsulage briquet', null, 2);
INSERT INTO Skill (name,domain_id,company_id) VALUES ('Poker', null, 1);
INSERT INTO Skill (name,domain_id,company_id) VALUES ('Poker', null, 2);
INSERT INTO Skill (name,domain_id,company_id) VALUES ('bcp', 4, 1);
INSERT INTO Skill (name,domain_id,company_id) VALUES ('bcp', 4, 2);
INSERT INTO Skill (name,domain_id,company_id) VALUES ('consul', 5, 1);
INSERT INTO Skill (name,domain_id,company_id) VALUES ('consul', 5, 2);
INSERT INTO Skill (name,domain_id,company_id) VALUES ('Chrome extensions', null, 1);
INSERT INTO Skill (name,domain_id,company_id) VALUES ('Chrome extensions', null, 2);
INSERT INTO Skill (name,domain_id,company_id) VALUES ('amazon', 6, 1);
INSERT INTO Skill (name,domain_id,company_id) VALUES ('amazon', 6, 2);
INSERT INTO Skill (name,domain_id,company_id) VALUES ('XSLT', null, 1);
INSERT INTO Skill (name,domain_id,company_id) VALUES ('XSLT', null, 2);
INSERT INTO Skill (name,domain_id,company_id) VALUES ('PL-SQL', 7, 1);
INSERT INTO Skill (name,domain_id,company_id) VALUES ('PL-SQL', 7, 2);
INSERT INTO Skill (name,domain_id,company_id) VALUES ('npm', 2, 1);
INSERT INTO Skill (name,domain_id,company_id) VALUES ('npm', 2, 2);
INSERT INTO Skill (name,domain_id,company_id) VALUES ('Coach Craft', 2, 1);
INSERT INTO Skill (name,domain_id,company_id) VALUES ('Coach Craft', 2, 2);
INSERT INTO Skill (name,domain_id,company_id) VALUES ('Sketch', null, 1);
INSERT INTO Skill (name,domain_id,company_id) VALUES ('Sketch', null, 2);
INSERT INTO Skill (name,domain_id,company_id) VALUES ('Chinese', null, 1);
INSERT INTO Skill (name,domain_id,company_id) VALUES ('Chinese', null, 2);
INSERT INTO Skill (name,domain_id,company_id) VALUES ('openvswitch', null, 1);
INSERT INTO Skill (name,domain_id,company_id) VALUES ('openvswitch', null, 2);
INSERT INTO Skill (name,domain_id,company_id) VALUES ('SOAP', 4, 1);
INSERT INTO Skill (name,domain_id,company_id) VALUES ('SOAP', 4, 2);
INSERT INTO Skill (name,domain_id,company_id) VALUES ('Kubernetes', 5, 1);
INSERT INTO Skill (name,domain_id,company_id) VALUES ('Kubernetes', 5, 2);
INSERT INTO Skill (name,domain_id,company_id) VALUES ('Pivotal Tracker', 1, 1);
INSERT INTO Skill (name,domain_id,company_id) VALUES ('Pivotal Tracker', 1, 2);
INSERT INTO Skill (name,domain_id,company_id) VALUES ('IA', null, 1);
INSERT INTO Skill (name,domain_id,company_id) VALUES ('IA', null, 2);
INSERT INTO Skill (name,domain_id,company_id) VALUES ('Material Design', 3, 1);
INSERT INTO Skill (name,domain_id,company_id) VALUES ('Material Design', 3, 2);
INSERT INTO Skill (name,domain_id,company_id) VALUES ('Flask', 4, 1);
INSERT INTO Skill (name,domain_id,company_id) VALUES ('Flask', 4, 2);
INSERT INTO Skill (name,domain_id,company_id) VALUES ('Clustering', 7, 1);
INSERT INTO Skill (name,domain_id,company_id) VALUES ('Clustering', 7, 2);
INSERT INTO Skill (name,domain_id,company_id) VALUES ('Mahout', 7, 1);
INSERT INTO Skill (name,domain_id,company_id) VALUES ('Mahout', 7, 2);
INSERT INTO Skill (name,domain_id,company_id) VALUES ('Voyages', null, 1);
INSERT INTO Skill (name,domain_id,company_id) VALUES ('Voyages', null, 2);
INSERT INTO Skill (name,domain_id,company_id) VALUES ('JProfiler', 4, 1);
INSERT INTO Skill (name,domain_id,company_id) VALUES ('JProfiler', 4, 2);
INSERT INTO Skill (name,domain_id,company_id) VALUES ('Classification', 7, 1);
INSERT INTO Skill (name,domain_id,company_id) VALUES ('Classification', 7, 2);
INSERT INTO Skill (name,domain_id,company_id) VALUES ('SPAD', 7, 1);
INSERT INTO Skill (name,domain_id,company_id) VALUES ('SPAD', 7, 2);
INSERT INTO Skill (name,domain_id,company_id) VALUES ('protobuf', 4, 1);
INSERT INTO Skill (name,domain_id,company_id) VALUES ('protobuf', 4, 2);
INSERT INTO Skill (name,domain_id,company_id) VALUES ('infra-as-code', 6, 1);
INSERT INTO Skill (name,domain_id,company_id) VALUES ('infra-as-code', 6, 2);
INSERT INTO Skill (name,domain_id,company_id) VALUES ('GNU/Linux', 6, 1);
INSERT INTO Skill (name,domain_id,company_id) VALUES ('GNU/Linux', 6, 2);
INSERT INTO Skill (name,domain_id,company_id) VALUES ('Amazon Elasticache', 7, 1);
INSERT INTO Skill (name,domain_id,company_id) VALUES ('Amazon Elasticache', 7, 2);

UPDATE Skill SET domain_id = 12 WHERE domain_id IS NULL;

INSERT INTO User (company_id, diploma, email, name) VALUES (1, '2006-01-01', 'jsmadja@xebia.fr', 'Julien Smadja');
INSERT INTO User (company_id, diploma, email, name) VALUES (1, '2008-01-01', 'aletaxin@xebia.fr', 'Antoine Le Taxin');

INSERT INTO UserSkill(skill_id, user_id, level, interested) VALUES ((SELECT MIN(id) FROM Skill WHERE name = 'Angular2' AND company_id=1), (SELECT id FROM User WHERE email = 'jsmadja@xebia.fr' AND company_id=1), 0, 1);
INSERT INTO UserSkill(skill_id, user_id, level, interested) VALUES ((SELECT MIN(id) FROM Skill WHERE name = 'Thibaud' AND company_id=1), (SELECT id FROM User WHERE email = 'jsmadja@xebia.fr' AND company_id=1), 0, 1);
INSERT INTO UserSkill(skill_id, user_id, level, interested) VALUES ((SELECT MIN(id) FROM Skill WHERE name = 'Witcher 3' AND company_id=1), (SELECT id FROM User WHERE email = 'jsmadja@xebia.fr' AND company_id=1), 3, 1);
INSERT INTO UserSkill(skill_id, user_id, level, interested) VALUES ((SELECT MIN(id) FROM Skill WHERE name = 'Coach Craft' AND company_id=1), (SELECT id FROM User WHERE email = 'jsmadja@xebia.fr' AND company_id=1), 2, 1);
INSERT INTO UserSkill(skill_id, user_id, level, interested) VALUES ((SELECT MIN(id) FROM Skill WHERE name = 'Lodash' AND company_id=1), (SELECT id FROM User WHERE email = 'jsmadja@xebia.fr' AND company_id=1), 2, 1);
INSERT INTO UserSkill(skill_id, user_id, level, interested) VALUES ((SELECT MIN(id) FROM Skill WHERE name = 'Marionette.JS' AND company_id=1), (SELECT id FROM User WHERE email = 'jsmadja@xebia.fr' AND company_id=1), 3, 0);
INSERT INTO UserSkill(skill_id, user_id, level, interested) VALUES ((SELECT MIN(id) FROM Skill WHERE name = 'Jira' AND company_id=1), (SELECT id FROM User WHERE email = 'jsmadja@xebia.fr' AND company_id=1), 1, 0);
INSERT INTO UserSkill(skill_id, user_id, level, interested) VALUES ((SELECT MIN(id) FROM Skill WHERE name = 'Lodash' AND company_id=1), (SELECT id FROM User WHERE email = 'aletaxin@xebia.fr' AND company_id=1), 2, 1);
INSERT INTO UserSkill(skill_id, user_id, level, interested) VALUES ((SELECT MIN(id) FROM Skill WHERE name = 'Reflux' AND company_id=1), (SELECT id FROM User WHERE email = 'aletaxin@xebia.fr' AND company_id=1), 1, 1);
INSERT INTO UserSkill(skill_id, user_id, level, interested) VALUES ((SELECT MIN(id) FROM Skill WHERE name = 'Neo4J' AND company_id=1), (SELECT id FROM User WHERE email = 'aletaxin@xebia.fr' AND company_id=1), 0, 0);
INSERT INTO UserSkill(skill_id, user_id, level, interested) VALUES ((SELECT MIN(id) FROM Skill WHERE name = 'Ant' AND company_id=1), (SELECT id FROM User WHERE email = 'aletaxin@xebia.fr' AND company_id=1), 1, 0);

delete from Skill where id not in (select DISTINCT(skill_id) FROM UserSkill)
